INSERT INTO Account (username, email, password) VALUES
	('bill', 'bill@localhost', '$2a$10$m.ebfOiyGQvLQ2L7BdDKAO4qOHiW3QD1ZsGjg1a4b/UPQoNtKOaGG'),
	('jane', 'jane@localhost', '$2a$10$rW5b4Hm9Y6UYgylbFjX.s.C3AEGq0BqTs4Uz.HPxdrY5QaxJLmrJO'),
	('john', 'john@localhost', '$2a$10$JjHgamdsbCmr6HSDUMQZbe6Hr5uWql19CPuJw3YV.cGjLVivIrL.q'),
	('derek', 'derek@localhost', '$2a$10$hVnAMJXlxoSMOpnDb45dQ.RpxlGN4gWFT/B9JqHicGBKcxv4.PEaW');

INSERT INTO Organization (orgID, orgName) VALUES
	('10', 'Virginia Science Olympiad'),
	('20', 'Science Olympiad Inc.'),
	('30', 'Independent Organization');

INSERT INTO Tournament (tournamentID, tournamentType, location, tournamentName, tournamentDate) VALUES
	('15', 'Regional', 'Langley High School', 'Langley Regional 2013', '2013-11-7'),
	('25', 'National', 'University of Virginia', 'National Tournament 2014', '2014-05-20'),
	('35', 'State', 'Madison High School', 'Virginia State Tournament 2014', '2014-03-22'),
	('45', 'Other', 'Nowheresville', 'Independent Tournament', '2014-02-22');

INSERT INTO Official (officialID, name_first, name_last, email, phone) VALUES
	('1', 'Ted', 'Mosby', 'mosbius@localhost', '1234567890'),
	('2', 'Barney', 'Stinson', 'bro@localhost', '6783926728'),
	('3', 'Marshall', 'Eriksen', 'marshmallow@localhost', '2457459823'),
	('4', 'Robin', 'Scherbatsky', 'canada@localhost', '3458972938'),
	('5', 'Lily', 'Aldrin', 'lilypad@localhost', '9085732847');

INSERT INTO Event (eventName, division) VALUES
	('Anatomy', 'B'),
	('Boomilever', 'B'),
	('Crime Busters', 'B'),
	('Disease Detectives', 'B'),
	('Dynamic Planet', 'B'),
	('Experimental Design', 'B'),
	('Food Science', 'B'),
	('Forestry', 'B'),
	('Heredity', 'B'),
	('Keep the Heat', 'B'),
	('Meteorology', 'B'),
	('Metric Mastery', 'B'),
	('Mission Possible', 'B'),
	('Mousetrap Vehicle', 'B'),
	('Mystery Architecture', 'B'),
	('Reach for the Stars', 'B'),
	('Road Scholar', 'B'),
	('Rocks and Minerals', 'B'),
	('Roller Coaster', 'B'),
	('Rotor Egg Drop', 'B'),
	('Shock Value', 'B'),
	('Water Quality', 'B'),
	('Write It Do It', 'B'),
	('Anatomy and Physiology', 'C'),
	('Astronomy', 'C'),
	('Boomilever', 'C'),
	('Chemistry Lab', 'C'),
	('Circuit Lab', 'C'),
	('Designer Genes', 'C'),
	('Disease Detectives', 'C'),
	('Dynamic Planet', 'C'),
	('Elastic Launch Glider', 'C'),
	('Experimental Design', 'C'),
	('Fermi Questions', 'C'),
	('Forestry', 'C'),
	('Gravity Vehicle', 'C'),
	('Materials Science', 'C'),
	('Rocks and Minerals', 'C'),
	('Roller Coaster', 'C'),
	('Technical Problem Solving', 'C'),
	('Thermodynamics', 'C'),
	('Water Quality', 'C'),
	('Write It Do It', 'C');

INSERT INTO Team (tournamentID, teamNumber, division, teamName, state, school) VALUES
	('15', '1', 'B', 'Haycock Blue', 'VA', 'Haycock Elementary School'),
	('15', '2', 'B', 'Haycock Gold', 'VA', 'Haycock Elementary School'),
	('15', '3', 'B', 'Hughes MS', 'VA', 'Hughes Middle School'),
	('15', '4', 'B', 'Longfellow Bosons', 'VA', 'Longfellow Middle School'),
	('15', '5', 'B', 'Longfellow Quarks', 'VA', 'Longfellow Middle School'),
	('15', '6', 'B', 'Louise Archer Yellow', 'VA', 'Louise Archer Elementary School'),
	('15', '7', 'B', 'Louise Archer Green', 'VA', 'Lousie Archer Elementary School'),
	('15', '8', 'B', 'Louise Archer Pink', 'VA', 'Lousie Archer Elementary School'),
	('15', '9', 'B', 'Carl Sandburg Yellow', 'VA', 'Carl Sandburg School'),
	('15', '10', 'B', 'Carl Sandburg Orange', 'VA', 'Carl Sandburg School'),
	('15', '11', 'B', 'Chelsea Academy', 'VA', 'Chelsea Academy'),
	('15', '12', 'B', 'Robinson MS', 'VA', 'Robinson Middle School'),
	('15', '13', 'B', 'Rocky Run Edison', 'VA', 'Rocky Run Middle School'),
	('15', '14', 'B', 'Rocky Run Newton', 'VA', 'Rocky Run Middle School'),
	('15', '15', 'B', 'Rocky Run Nobel', 'VA', 'Rocky Run Middle School'),
	('15', '1', 'C', 'Albemarle HS', 'VA', 'Albemarle High School'),
	('15', '2', 'C', 'Chelsea Academy', 'VA', 'Chelsea Academy'),
	('15', '3', 'C', 'George Marshall Blue', 'VA', 'George Marshall High School'),
	('15', '4', 'C', 'George Marshall Red 1', 'VA', 'George Marshall High School'),
	('15', '5', 'C', 'George Marshall Red 2', 'VA', 'George MArshall High School'),
	('15', '6', 'C', 'Robert E Lee HS', 'VA', 'Robert E Lee High School'),
	('15', '7', 'C', 'Charlottesville Alpha', 'VA', 'Charlottesville High School'),
	('15', '8', 'C', 'Charlottesville Bacon', 'VA', 'Charlottesville High School'),
	('15', '9', 'C', 'Hayfield 1', 'VA', 'Hayfield High School'),
	('15', '10', 'C', 'Hayfield 2', 'VA', 'Hayfield High School'),
	('15', '11', 'C', 'Oakton Burgundy', 'VA', 'Oakton High School'),
	('15', '12', 'C', 'Oakton Gold', 'VA', 'Oakton High School'),
	('15', '13', 'C', 'Woodberry Forest', 'VA', 'Woodberry Forest High School'),
	('25', '1', 'B', 'Haycock Blue', 'VA', 'Haycock Elementary School'),
	('35', '2', 'B', 'Haycock Gold', 'VA', 'Haycock Elementary School'),
	('25', '3', 'B', 'Hughes MS', 'VA', 'Hughes Middle School'),
	('35', '4', 'B', 'Longfellow Bosons', 'VA', 'Longfellow Middle School'),
	('25', '5', 'B', 'Longfellow Quarks', 'VA', 'Longfellow Middle School'),
	('35', '6', 'B', 'Louise Archer Yellow', 'VA', 'Louise Archer Elementary School'),
	('25', '7', 'B', 'Louise Archer Green', 'VA', 'Lousie Archer Elementary School'),
	('35', '8', 'B', 'Louise Archer Pink', 'VA', 'Lousie Archer Elementary School'),
	('25', '9', 'B', 'Carl Sandburg Yellow', 'VA', 'Carl Sandburg School'),
	('35', '10', 'B', 'Carl Sandburg Orange', 'VA', 'Carl Sandburg School'),
	('25', '11', 'B', 'Chelsea Academy', 'VA', 'Chelsea Academy'),
	('35', '12', 'B', 'Robinson MS', 'VA', 'Robinson Middle School'),
	('25', '13', 'B', 'Rocky Run Edison', 'VA', 'Rocky Run Middle School'),
	('35', '14', 'B', 'Rocky Run Newton', 'VA', 'Rocky Run Middle School'),
	('25', '15', 'B', 'Rocky Run Nobel', 'VA', 'Rocky Run Middle School'),
	('35', '1', 'C', 'Albemarle HS', 'VA', 'Albemarle High School'),
	('25', '2', 'C', 'Chelsea Academy', 'VA', 'Chelsea Academy'),
	('35', '3', 'C', 'George Marshall Blue', 'VA', 'George Marshall High School'),
	('25', '4', 'C', 'George Marshall Red 1', 'VA', 'George Marshall High School'),
	('35', '5', 'C', 'George Marshall Red 2', 'VA', 'George MArshall High School'),
	('25', '6', 'C', 'Robert E Lee HS', 'VA', 'Robert E Lee High School'),
	('35', '7', 'C', 'Charlottesville Alpha', 'VA', 'Charlottesville High School'),
	('25', '8', 'C', 'Charlottesville Bacon', 'VA', 'Charlottesville High School'),
	('35', '9', 'C', 'Hayfield 1', 'VA', 'Hayfield High School'),
	('25', '10', 'C', 'Hayfield 2', 'VA', 'Hayfield High School'),
	('35', '11', 'C', 'Oakton Burgundy', 'VA', 'Oakton High School'),
	('25', '12', 'C', 'Oakton Gold', 'VA', 'Oakton High School'),
	('35', '13', 'C', 'Woodberry Forest', 'VA', 'Woodberry Forest High School');

INSERT INTO BelongsTo (username, orgID) VALUES
	('bill', '10'),
	('jane', '20'),
	('john', '30'),
	('derek', '10');

INSERT INTO RunBy (orgID, tournamentID) VALUES
	('10', '15'),
	('20', '25'),
	('10', '35'),
	('30', '45');

INSERT INTO CoachedBy (tournamentID, teamNumber, division, officialID) VALUES
	('15', '1', 'B', '1'),
	('15', '2', 'B', '2'),
	('15', '3', 'B', '3'),
	('15', '4', 'B', '4'),
	('15', '5', 'B', '5'),
	('15', '6', 'B', '1'),
	('15', '7', 'B', '2'),
	('15', '8', 'B', '3'),
	('15', '9', 'B', '4'),
	('15', '10', 'B', '5'),
	('15', '11', 'B', '1'),
	('15', '12', 'B', '2'),
	('15', '13', 'B', '3'),
	('15', '14', 'B', '4'),
	('15', '15', 'B', '5'),
	('15', '1', 'C', '1'),
	('15', '2', 'C', '2'),
	('15', '3', 'C', '3'),
	('15', '4', 'C', '4'),
	('15', '5', 'C', '5'),
	('15', '6', 'C', '1'),
	('15', '7', 'C', '2'),
	('15', '8', 'C', '3'),
	('15', '9', 'C', '4'),
	('15', '10', 'C', '5'),
	('15', '11', 'C', '1'),
	('15', '12', 'C', '2'),
	('15', '13', 'C', '3'),
	('25', '1', 'B', '1'),
	('35', '2', 'B', '2'),
	('25', '3', 'B', '3'),
	('35', '4', 'B', '4'),
	('25', '5', 'B', '5'),
	('35', '6', 'B', '1'),
	('25', '7', 'B', '2'),
	('35', '8', 'B', '3'),
	('25', '9', 'B', '4'),
	('35', '10', 'B', '5'),
	('25', '11', 'B', '1'),
	('35', '12', 'B', '2'),
	('25', '13', 'B', '3'),
	('35', '14', 'B', '4'),
	('25', '15', 'B', '5'),
	('35', '1', 'C', '1'),
	('25', '2', 'C', '2'),
	('35', '3', 'C', '3'),
	('25', '4', 'C', '4'),
	('35', '5', 'C', '5'),
	('25', '6', 'C', '1'),
	('35', '7', 'C', '2'),
	('25', '8', 'C', '3'),
	('35', '9', 'C', '4'),
	('25', '10', 'C', '5'),
	('35', '11', 'C', '1'),
	('25', '12', 'C', '2'),
	('35', '13', 'C', '3');

INSERT INTO ConsistsOf (tournamentID, eventName, division, supervisor_officialID, writer_officialID) VALUES
	('15', 'Anatomy', 'B', '1', '1'),
	('15', 'Boomilever', 'B', '1', '1'),
	('15', 'Crime Busters', 'B', '1', '1'),
	('15', 'Disease Detectives', 'B', '1', '1'),
	('15', 'Dynamic Planet', 'B', '1', '1'),
	('15', 'Experimental Design', 'B', '1', '1'),
	('15', 'Food Science', 'B', '1', '1'),
	('15', 'Forestry', 'B', '1', '1'),
	('15', 'Heredity', 'B', '1', '1'),
	('15', 'Keep the Heat', 'B', '1', '1'),
	('15', 'Meteorology', 'B', '1', '1'),
	('15', 'Metric Mastery', 'B', '1', '1'),
	('15', 'Mission Possible', 'B', '1', '1'),
	('15', 'Mousetrap Vehicle', 'B', '1', '1'),
	('15', 'Mystery Architecture', 'B', '1', '1'),
	('15', 'Reach for the Stars', 'B', '1', '1'),
	('15', 'Road Scholar', 'B', '1', '1'),
	('15', 'Rocks and Minerals', 'B', '1', '1'),
	('15', 'Roller Coaster', 'B', '1', '1'),
	('15', 'Rotor Egg Drop', 'B', '1', '1'),
	('15', 'Shock Value', 'B', '1', '1'),
	('15', 'Water Quality', 'B', '1', '1'),
	('15', 'Write It Do It', 'B', '1', '1'),
	('15', 'Anatomy and Physiology', 'C', '1', '1'),
	('15', 'Astronomy', 'C', '1', '1'),
	('15', 'Boomilever', 'C', '1', '1'),
	('15', 'Chemistry Lab', 'C', '1', '1'),
	('15', 'Circuit Lab', 'C', '1', '1'),
	('15', 'Designer Genes', 'C', '1', '1'),
	('15', 'Disease Detectives', 'C', '1', '1'),
	('15', 'Dynamic Planet', 'C', '1', '1'),
	('15', 'Elastic Launch Glider', 'C', '1', '1'),
	('15', 'Experimental Design', 'C', '1', '1'),
	('15', 'Fermi Questions', 'C', '1', '1'),
	('15', 'Forestry', 'C', '1', '1'),
	('15', 'Gravity Vehicle', 'C', '1', '1'),
	('15', 'Materials Science', 'C', '1', '1'),
	('15', 'Rocks and Minerals', 'C', '1', '1'),
	('15', 'Roller Coaster', 'C', '1', '1'),
	('15', 'Technical Problem Solving', 'C', '1', '1'),
	('15', 'Thermodynamics', 'C', '1', '1'),
	('15', 'Water Quality', 'C', '1', '1'),
	('15', 'Write It Do It', 'C', '1', '1'),
	('25', 'Anatomy', 'B', '1', '1'),
	('25', 'Boomilever', 'B', '1', '1'),
	('25', 'Crime Busters', 'B', '1', '1'),
	('25', 'Disease Detectives', 'B', '1', '1'),
	('25', 'Dynamic Planet', 'B', '1', '1'),
	('25', 'Experimental Design', 'B', '1', '1'),
	('25', 'Food Science', 'B', '1', '1'),
	('25', 'Forestry', 'B', '1', '1'),
	('25', 'Heredity', 'B', '1', '1'),
	('25', 'Keep the Heat', 'B', '1', '1'),
	('25', 'Meteorology', 'B', '1', '1'),
	('25', 'Metric Mastery', 'B', '1', '1'),
	('25', 'Mission Possible', 'B', '1', '1'),
	('25', 'Mousetrap Vehicle', 'B', '1', '1'),
	('25', 'Mystery Architecture', 'B', '1', '1'),
	('25', 'Reach for the Stars', 'B', '1', '1'),
	('25', 'Road Scholar', 'B', '1', '1'),
	('25', 'Rocks and Minerals', 'B', '1', '1'),
	('25', 'Roller Coaster', 'B', '1', '1'),
	('25', 'Rotor Egg Drop', 'B', '1', '1'),
	('25', 'Shock Value', 'B', '1', '1'),
	('25', 'Water Quality', 'B', '1', '1'),
	('25', 'Write It Do It', 'B', '1', '1'),
	('25', 'Anatomy and Physiology', 'C', '1', '1'),
	('25', 'Astronomy', 'C', '1', '1'),
	('25', 'Boomilever', 'C', '1', '1'),
	('25', 'Chemistry Lab', 'C', '1', '1'),
	('25', 'Circuit Lab', 'C', '1', '1'),
	('25', 'Designer Genes', 'C', '1', '1'),
	('25', 'Disease Detectives', 'C', '1', '1'),
	('25', 'Dynamic Planet', 'C', '1', '1'),
	('25', 'Elastic Launch Glider', 'C', '1', '1'),
	('25', 'Experimental Design', 'C', '1', '1'),
	('25', 'Fermi Questions', 'C', '1', '1'),
	('25', 'Forestry', 'C', '1', '1'),
	('25', 'Gravity Vehicle', 'C', '1', '1'),
	('25', 'Materials Science', 'C', '1', '1'),
	('25', 'Rocks and Minerals', 'C', '1', '1'),
	('25', 'Roller Coaster', 'C', '1', '1'),
	('25', 'Technical Problem Solving', 'C', '1', '1'),
	('25', 'Thermodynamics', 'C', '1', '1'),
	('25', 'Water Quality', 'C', '1', '1'),
	('25', 'Write It Do It', 'C', '1', '1'),
	('35', 'Anatomy', 'B', '1', '1'),
	('35', 'Boomilever', 'B', '1', '1'),
	('35', 'Crime Busters', 'B', '1', '1'),
	('35', 'Disease Detectives', 'B', '1', '1'),
	('35', 'Dynamic Planet', 'B', '1', '1'),
	('35', 'Experimental Design', 'B', '1', '1'),
	('35', 'Food Science', 'B', '1', '1'),
	('35', 'Forestry', 'B', '1', '1'),
	('35', 'Heredity', 'B', '1', '1'),
	('35', 'Keep the Heat', 'B', '1', '1'),
	('35', 'Meteorology', 'B', '1', '1'),
	('35', 'Metric Mastery', 'B', '1', '1'),
	('35', 'Mission Possible', 'B', '1', '1'),
	('35', 'Mousetrap Vehicle', 'B', '1', '1'),
	('35', 'Mystery Architecture', 'B', '1', '1'),
	('35', 'Reach for the Stars', 'B', '1', '1'),
	('35', 'Road Scholar', 'B', '1', '1'),
	('35', 'Rocks and Minerals', 'B', '1', '1'),
	('35', 'Roller Coaster', 'B', '1', '1'),
	('35', 'Rotor Egg Drop', 'B', '1', '1'),
	('35', 'Shock Value', 'B', '1', '1'),
	('35', 'Water Quality', 'B', '1', '1'),
	('35', 'Write It Do It', 'B', '1', '1'),
	('35', 'Anatomy and Physiology', 'C', '1', '1'),
	('35', 'Astronomy', 'C', '1', '1'),
	('35', 'Boomilever', 'C', '1', '1'),
	('35', 'Chemistry Lab', 'C', '1', '1'),
	('35', 'Circuit Lab', 'C', '1', '1'),
	('35', 'Designer Genes', 'C', '1', '1'),
	('35', 'Disease Detectives', 'C', '1', '1'),
	('35', 'Dynamic Planet', 'C', '1', '1'),
	('35', 'Elastic Launch Glider', 'C', '1', '1'),
	('35', 'Experimental Design', 'C', '1', '1'),
	('35', 'Fermi Questions', 'C', '1', '1'),
	('35', 'Forestry', 'C', '1', '1'),
	('35', 'Gravity Vehicle', 'C', '1', '1'),
	('35', 'Materials Science', 'C', '1', '1'),
	('35', 'Rocks and Minerals', 'C', '1', '1'),
	('35', 'Roller Coaster', 'C', '1', '1'),
	('35', 'Technical Problem Solving', 'C', '1', '1'),
	('35', 'Thermodynamics', 'C', '1', '1'),
	('35', 'Water Quality', 'C', '1', '1'),
	('35', 'Write It Do It', 'C', '1', '1');

INSERT INTO ParticipatesIn (tournamentID, teamNumber, division, eventName, scoreCode, score, tiebreak, tier) VALUES
	('15', '1', 'B', 'Anatomy', NULL, NULL, NULL, NULL, NULL),
	('15', '2', 'B', 'Anatomy', NULL, NULL, NULL, NULL, NULL),
	('15', '3', 'B', 'Anatomy', NULL, NULL, NULL, NULL, NULL),
	('15', '4', 'B', 'Anatomy', NULL, NULL, NULL, NULL, NULL),
	('15', '5', 'B', 'Anatomy', NULL, NULL, NULL, NULL, NULL),
	('15', '6', 'B', 'Anatomy', NULL, NULL, NULL, NULL, NULL),
	('15', '7', 'B', 'Anatomy', NULL, NULL, NULL, NULL, NULL),
	('15', '8', 'B', 'Anatomy', NULL, NULL, NULL, NULL, NULL),
	('15', '9', 'B', 'Anatomy', NULL, NULL, NULL, NULL, NULL),
	('15', '10', 'B', 'Anatomy', NULL, NULL, NULL, NULL, NULL),
	('15', '11', 'B', 'Anatomy', NULL, NULL, NULL, NULL, NULL),
	('15', '12', 'B', 'Anatomy', NULL, NULL, NULL, NULL, NULL),
	('15', '13', 'B', 'Anatomy', NULL, NULL, NULL, NULL, NULL),
	('15', '14', 'B', 'Anatomy', NULL, NULL, NULL, NULL, NULL),
	('15', '15', 'B', 'Anatomy', NULL, NULL, NULL, NULL, NULL),
	('25', '1', 'B', 'Anatomy', NULL, NULL, NULL, NULL, NULL),
	('35', '2', 'B', 'Anatomy', NULL, NULL, NULL, NULL, NULL),
	('25', '3', 'B', 'Anatomy', NULL, NULL, NULL, NULL, NULL),
	('35', '4', 'B', 'Anatomy', NULL, NULL, NULL, NULL, NULL),
	('25', '5', 'B', 'Anatomy', NULL, NULL, NULL, NULL, NULL),
	('35', '6', 'B', 'Anatomy', NULL, NULL, NULL, NULL, NULL),
	('25', '7', 'B', 'Anatomy', NULL, NULL, NULL, NULL, NULL),
	('35', '8', 'B', 'Anatomy', NULL, NULL, NULL, NULL, NULL),
	('25', '9', 'B', 'Anatomy', NULL, NULL, NULL, NULL, NULL),
	('35', '10', 'B', 'Anatomy', NULL, NULL, NULL, NULL, NULL),
	('25', '11', 'B', 'Anatomy', NULL, NULL, NULL, NULL, NULL),
	('35', '12', 'B', 'Anatomy', NULL, NULL, NULL, NULL, NULL),
	('25', '13', 'B', 'Anatomy', NULL, NULL, NULL, NULL, NULL),
	('35', '14', 'B', 'Anatomy', NULL, NULL, NULL, NULL, NULL),
	('25', '15', 'B', 'Anatomy', NULL, NULL, NULL, NULL, NULL),
	('15', '1', 'B', 'Boomilever', NULL, NULL, NULL, NULL, NULL),
	('15', '2', 'B', 'Boomilever', NULL, NULL, NULL, NULL, NULL),
	('15', '3', 'B', 'Boomilever', NULL, NULL, NULL, NULL, NULL),
	('15', '4', 'B', 'Boomilever', NULL, NULL, NULL, NULL, NULL),
	('15', '5', 'B', 'Boomilever', NULL, NULL, NULL, NULL, NULL),
	('15', '6', 'B', 'Boomilever', NULL, NULL, NULL, NULL, NULL),
	('15', '7', 'B', 'Boomilever', NULL, NULL, NULL, NULL, NULL),
	('15', '8', 'B', 'Boomilever', NULL, NULL, NULL, NULL, NULL),
	('15', '9', 'B', 'Boomilever', NULL, NULL, NULL, NULL, NULL),
	('15', '10', 'B', 'Boomilever', NULL, NULL, NULL, NULL, NULL),
	('15', '11', 'B', 'Boomilever', NULL, NULL, NULL, NULL, NULL),
	('15', '12', 'B', 'Boomilever', NULL, NULL, NULL, NULL, NULL),
	('15', '13', 'B', 'Boomilever', NULL, NULL, NULL, NULL, NULL),
	('15', '14', 'B', 'Boomilever', NULL, NULL, NULL, NULL, NULL),
	('15', '15', 'B', 'Boomilever', NULL, NULL, NULL, NULL, NULL),
	('25', '1', 'B', 'Boomilever', NULL, NULL, NULL, NULL, NULL),
	('35', '2', 'B', 'Boomilever', NULL, NULL, NULL, NULL, NULL),
	('25', '3', 'B', 'Boomilever', NULL, NULL, NULL, NULL, NULL),
	('35', '4', 'B', 'Boomilever', NULL, NULL, NULL, NULL, NULL),
	('25', '5', 'B', 'Boomilever', NULL, NULL, NULL, NULL, NULL),
	('35', '6', 'B', 'Boomilever', NULL, NULL, NULL, NULL, NULL),
	('25', '7', 'B', 'Boomilever', NULL, NULL, NULL, NULL, NULL),
	('35', '8', 'B', 'Boomilever', NULL, NULL, NULL, NULL, NULL),
	('25', '9', 'B', 'Boomilever', NULL, NULL, NULL, NULL, NULL),
	('35', '10', 'B', 'Boomilever', NULL, NULL, NULL, NULL, NULL),
	('25', '11', 'B', 'Boomilever', NULL, NULL, NULL, NULL, NULL),
	('35', '12', 'B', 'Boomilever', NULL, NULL, NULL, NULL, NULL),
	('25', '13', 'B', 'Boomilever', NULL, NULL, NULL, NULL, NULL),
	('35', '14', 'B', 'Boomilever', NULL, NULL, NULL, NULL, NULL),
	('25', '15', 'B', 'Boomilever', NULL, NULL, NULL, NULL, NULL),
	('15', '1', 'B', 'Crime Busters', NULL, NULL, NULL, NULL, NULL),
	('15', '2', 'B', 'Crime Busters', NULL, NULL, NULL, NULL, NULL),
	('15', '3', 'B', 'Crime Busters', NULL, NULL, NULL, NULL, NULL),
	('15', '4', 'B', 'Crime Busters', NULL, NULL, NULL, NULL, NULL),
	('15', '5', 'B', 'Crime Busters', NULL, NULL, NULL, NULL, NULL),
	('15', '6', 'B', 'Crime Busters', NULL, NULL, NULL, NULL, NULL),
	('15', '7', 'B', 'Crime Busters', NULL, NULL, NULL, NULL, NULL),
	('15', '8', 'B', 'Crime Busters', NULL, NULL, NULL, NULL, NULL),
	('15', '9', 'B', 'Crime Busters', NULL, NULL, NULL, NULL, NULL),
	('15', '10', 'B', 'Crime Busters', NULL, NULL, NULL, NULL, NULL),
	('15', '11', 'B', 'Crime Busters', NULL, NULL, NULL, NULL, NULL),
	('15', '12', 'B', 'Crime Busters', NULL, NULL, NULL, NULL, NULL),
	('15', '13', 'B', 'Crime Busters', NULL, NULL, NULL, NULL, NULL),
	('15', '14', 'B', 'Crime Busters', NULL, NULL, NULL, NULL, NULL),
	('15', '15', 'B', 'Crime Busters', NULL, NULL, NULL, NULL, NULL),
	('25', '1', 'B', 'Crime Busters', NULL, NULL, NULL, NULL, NULL),
	('35', '2', 'B', 'Crime Busters', NULL, NULL, NULL, NULL, NULL),
	('25', '3', 'B', 'Crime Busters', NULL, NULL, NULL, NULL, NULL),
	('35', '4', 'B', 'Crime Busters', NULL, NULL, NULL, NULL, NULL),
	('25', '5', 'B', 'Crime Busters', NULL, NULL, NULL, NULL, NULL),
	('35', '6', 'B', 'Crime Busters', NULL, NULL, NULL, NULL, NULL),
	('25', '7', 'B', 'Crime Busters', NULL, NULL, NULL, NULL, NULL),
	('35', '8', 'B', 'Crime Busters', NULL, NULL, NULL, NULL, NULL),
	('25', '9', 'B', 'Crime Busters', NULL, NULL, NULL, NULL, NULL),
	('35', '10', 'B', 'Crime Busters', NULL, NULL, NULL, NULL, NULL),
	('25', '11', 'B', 'Crime Busters', NULL, NULL, NULL, NULL, NULL),
	('35', '12', 'B', 'Crime Busters', NULL, NULL, NULL, NULL, NULL),
	('25', '13', 'B', 'Crime Busters', NULL, NULL, NULL, NULL, NULL),
	('35', '14', 'B', 'Crime Busters', NULL, NULL, NULL, NULL, NULL),
	('25', '15', 'B', 'Crime Busters', NULL, NULL, NULL, NULL, NULL),
	('15', '1', 'B', 'Disease Detectives', NULL, NULL, NULL, NULL, NULL),
	('15', '2', 'B', 'Disease Detectives', NULL, NULL, NULL, NULL, NULL),
	('15', '3', 'B', 'Disease Detectives', NULL, NULL, NULL, NULL, NULL),
	('15', '4', 'B', 'Disease Detectives', NULL, NULL, NULL, NULL, NULL),
	('15', '5', 'B', 'Disease Detectives', NULL, NULL, NULL, NULL, NULL),
	('15', '6', 'B', 'Disease Detectives', NULL, NULL, NULL, NULL, NULL),
	('15', '7', 'B', 'Disease Detectives', NULL, NULL, NULL, NULL, NULL),
	('15', '8', 'B', 'Disease Detectives', NULL, NULL, NULL, NULL, NULL),
	('15', '9', 'B', 'Disease Detectives', NULL, NULL, NULL, NULL, NULL),
	('15', '10', 'B', 'Disease Detectives', NULL, NULL, NULL, NULL, NULL),
	('15', '11', 'B', 'Disease Detectives', NULL, NULL, NULL, NULL, NULL),
	('15', '12', 'B', 'Disease Detectives', NULL, NULL, NULL, NULL, NULL),
	('15', '13', 'B', 'Disease Detectives', NULL, NULL, NULL, NULL, NULL),
	('15', '14', 'B', 'Disease Detectives', NULL, NULL, NULL, NULL, NULL),
	('15', '15', 'B', 'Disease Detectives', NULL, NULL, NULL, NULL, NULL),
	('25', '1', 'B', 'Disease Detectives', NULL, NULL, NULL, NULL, NULL),
	('35', '2', 'B', 'Disease Detectives', NULL, NULL, NULL, NULL, NULL),
	('25', '3', 'B', 'Disease Detectives', NULL, NULL, NULL, NULL, NULL),
	('35', '4', 'B', 'Disease Detectives', NULL, NULL, NULL, NULL, NULL),
	('25', '5', 'B', 'Disease Detectives', NULL, NULL, NULL, NULL, NULL),
	('35', '6', 'B', 'Disease Detectives', NULL, NULL, NULL, NULL, NULL),
	('25', '7', 'B', 'Disease Detectives', NULL, NULL, NULL, NULL, NULL),
	('35', '8', 'B', 'Disease Detectives', NULL, NULL, NULL, NULL, NULL),
	('25', '9', 'B', 'Disease Detectives', NULL, NULL, NULL, NULL, NULL),
	('35', '10', 'B', 'Disease Detectives', NULL, NULL, NULL, NULL, NULL),
	('25', '11', 'B', 'Disease Detectives', NULL, NULL, NULL, NULL, NULL),
	('35', '12', 'B', 'Disease Detectives', NULL, NULL, NULL, NULL, NULL),
	('25', '13', 'B', 'Disease Detectives', NULL, NULL, NULL, NULL, NULL),
	('35', '14', 'B', 'Disease Detectives', NULL, NULL, NULL, NULL, NULL),
	('25', '15', 'B', 'Disease Detectives', NULL, NULL, NULL, NULL, NULL),
	('15', '1', 'B', 'Dynamic Planet', NULL, NULL, NULL, NULL, NULL),
	('15', '2', 'B', 'Dynamic Planet', NULL, NULL, NULL, NULL, NULL),
	('15', '3', 'B', 'Dynamic Planet', NULL, NULL, NULL, NULL, NULL),
	('15', '4', 'B', 'Dynamic Planet', NULL, NULL, NULL, NULL, NULL),
	('15', '5', 'B', 'Dynamic Planet', NULL, NULL, NULL, NULL, NULL),
	('15', '6', 'B', 'Dynamic Planet', NULL, NULL, NULL, NULL, NULL),
	('15', '7', 'B', 'Dynamic Planet', NULL, NULL, NULL, NULL, NULL),
	('15', '8', 'B', 'Dynamic Planet', NULL, NULL, NULL, NULL, NULL),
	('15', '9', 'B', 'Dynamic Planet', NULL, NULL, NULL, NULL, NULL),
	('15', '10', 'B', 'Dynamic Planet', NULL, NULL, NULL, NULL, NULL),
	('15', '11', 'B', 'Dynamic Planet', NULL, NULL, NULL, NULL, NULL),
	('15', '12', 'B', 'Dynamic Planet', NULL, NULL, NULL, NULL, NULL),
	('15', '13', 'B', 'Dynamic Planet', NULL, NULL, NULL, NULL, NULL),
	('15', '14', 'B', 'Dynamic Planet', NULL, NULL, NULL, NULL, NULL),
	('15', '15', 'B', 'Dynamic Planet', NULL, NULL, NULL, NULL, NULL),
	('25', '1', 'B', 'Dynamic Planet', NULL, NULL, NULL, NULL, NULL),
	('35', '2', 'B', 'Dynamic Planet', NULL, NULL, NULL, NULL, NULL),
	('25', '3', 'B', 'Dynamic Planet', NULL, NULL, NULL, NULL, NULL),
	('35', '4', 'B', 'Dynamic Planet', NULL, NULL, NULL, NULL, NULL),
	('25', '5', 'B', 'Dynamic Planet', NULL, NULL, NULL, NULL, NULL),
	('35', '6', 'B', 'Dynamic Planet', NULL, NULL, NULL, NULL, NULL),
	('25', '7', 'B', 'Dynamic Planet', NULL, NULL, NULL, NULL, NULL),
	('35', '8', 'B', 'Dynamic Planet', NULL, NULL, NULL, NULL, NULL),
	('25', '9', 'B', 'Dynamic Planet', NULL, NULL, NULL, NULL, NULL),
	('35', '10', 'B', 'Dynamic Planet', NULL, NULL, NULL, NULL, NULL),
	('25', '11', 'B', 'Dynamic Planet', NULL, NULL, NULL, NULL, NULL),
	('35', '12', 'B', 'Dynamic Planet', NULL, NULL, NULL, NULL, NULL),
	('25', '13', 'B', 'Dynamic Planet', NULL, NULL, NULL, NULL, NULL),
	('35', '14', 'B', 'Dynamic Planet', NULL, NULL, NULL, NULL, NULL),
	('25', '15', 'B', 'Dynamic Planet', NULL, NULL, NULL, NULL, NULL),
	('15', '1', 'B', 'Experimental Design', NULL, NULL, NULL, NULL, NULL),
	('15', '2', 'B', 'Experimental Design', NULL, NULL, NULL, NULL, NULL),
	('15', '3', 'B', 'Experimental Design', NULL, NULL, NULL, NULL, NULL),
	('15', '4', 'B', 'Experimental Design', NULL, NULL, NULL, NULL, NULL),
	('15', '5', 'B', 'Experimental Design', NULL, NULL, NULL, NULL, NULL),
	('15', '6', 'B', 'Experimental Design', NULL, NULL, NULL, NULL, NULL),
	('15', '7', 'B', 'Experimental Design', NULL, NULL, NULL, NULL, NULL),
	('15', '8', 'B', 'Experimental Design', NULL, NULL, NULL, NULL, NULL),
	('15', '9', 'B', 'Experimental Design', NULL, NULL, NULL, NULL, NULL),
	('15', '10', 'B', 'Experimental Design', NULL, NULL, NULL, NULL, NULL),
	('15', '11', 'B', 'Experimental Design', NULL, NULL, NULL, NULL, NULL),
	('15', '12', 'B', 'Experimental Design', NULL, NULL, NULL, NULL, NULL),
	('15', '13', 'B', 'Experimental Design', NULL, NULL, NULL, NULL, NULL),
	('15', '14', 'B', 'Experimental Design', NULL, NULL, NULL, NULL, NULL),
	('15', '15', 'B', 'Experimental Design', NULL, NULL, NULL, NULL, NULL),
	('25', '1', 'B', 'Experimental Design', NULL, NULL, NULL, NULL, NULL),
	('35', '2', 'B', 'Experimental Design', NULL, NULL, NULL, NULL, NULL),
	('25', '3', 'B', 'Experimental Design', NULL, NULL, NULL, NULL, NULL),
	('35', '4', 'B', 'Experimental Design', NULL, NULL, NULL, NULL, NULL),
	('25', '5', 'B', 'Experimental Design', NULL, NULL, NULL, NULL, NULL),
	('35', '6', 'B', 'Experimental Design', NULL, NULL, NULL, NULL, NULL),
	('25', '7', 'B', 'Experimental Design', NULL, NULL, NULL, NULL, NULL),
	('35', '8', 'B', 'Experimental Design', NULL, NULL, NULL, NULL, NULL),
	('25', '9', 'B', 'Experimental Design', NULL, NULL, NULL, NULL, NULL),
	('35', '10', 'B', 'Experimental Design', NULL, NULL, NULL, NULL, NULL),
	('25', '11', 'B', 'Experimental Design', NULL, NULL, NULL, NULL, NULL),
	('35', '12', 'B', 'Experimental Design', NULL, NULL, NULL, NULL, NULL),
	('25', '13', 'B', 'Experimental Design', NULL, NULL, NULL, NULL, NULL),
	('35', '14', 'B', 'Experimental Design', NULL, NULL, NULL, NULL, NULL),
	('25', '15', 'B', 'Experimental Design', NULL, NULL, NULL, NULL, NULL),
	('15', '1', 'B', 'Food Science', NULL, NULL, NULL, NULL, NULL),
	('15', '2', 'B', 'Food Science', NULL, NULL, NULL, NULL, NULL),
	('15', '3', 'B', 'Food Science', NULL, NULL, NULL, NULL, NULL),
	('15', '4', 'B', 'Food Science', NULL, NULL, NULL, NULL, NULL),
	('15', '5', 'B', 'Food Science', NULL, NULL, NULL, NULL, NULL),
	('15', '6', 'B', 'Food Science', NULL, NULL, NULL, NULL, NULL),
	('15', '7', 'B', 'Food Science', NULL, NULL, NULL, NULL, NULL),
	('15', '8', 'B', 'Food Science', NULL, NULL, NULL, NULL, NULL),
	('15', '9', 'B', 'Food Science', NULL, NULL, NULL, NULL, NULL),
	('15', '10', 'B', 'Food Science', NULL, NULL, NULL, NULL, NULL),
	('15', '11', 'B', 'Food Science', NULL, NULL, NULL, NULL, NULL),
	('15', '12', 'B', 'Food Science', NULL, NULL, NULL, NULL, NULL),
	('15', '13', 'B', 'Food Science', NULL, NULL, NULL, NULL, NULL),
	('15', '14', 'B', 'Food Science', NULL, NULL, NULL, NULL, NULL),
	('15', '15', 'B', 'Food Science', NULL, NULL, NULL, NULL, NULL),
	('25', '1', 'B', 'Food Science', NULL, NULL, NULL, NULL, NULL),
	('35', '2', 'B', 'Food Science', NULL, NULL, NULL, NULL, NULL),
	('25', '3', 'B', 'Food Science', NULL, NULL, NULL, NULL, NULL),
	('35', '4', 'B', 'Food Science', NULL, NULL, NULL, NULL, NULL),
	('25', '5', 'B', 'Food Science', NULL, NULL, NULL, NULL, NULL),
	('35', '6', 'B', 'Food Science', NULL, NULL, NULL, NULL, NULL),
	('25', '7', 'B', 'Food Science', NULL, NULL, NULL, NULL, NULL),
	('35', '8', 'B', 'Food Science', NULL, NULL, NULL, NULL, NULL),
	('25', '9', 'B', 'Food Science', NULL, NULL, NULL, NULL, NULL),
	('35', '10', 'B', 'Food Science', NULL, NULL, NULL, NULL, NULL),
	('25', '11', 'B', 'Food Science', NULL, NULL, NULL, NULL, NULL),
	('35', '12', 'B', 'Food Science', NULL, NULL, NULL, NULL, NULL),
	('25', '13', 'B', 'Food Science', NULL, NULL, NULL, NULL, NULL),
	('35', '14', 'B', 'Food Science', NULL, NULL, NULL, NULL, NULL),
	('25', '15', 'B', 'Food Science', NULL, NULL, NULL, NULL, NULL),
	('15', '1', 'B', 'Forestry', NULL, NULL, NULL, NULL, NULL),
	('15', '2', 'B', 'Forestry', NULL, NULL, NULL, NULL, NULL),
	('15', '3', 'B', 'Forestry', NULL, NULL, NULL, NULL, NULL),
	('15', '4', 'B', 'Forestry', NULL, NULL, NULL, NULL, NULL),
	('15', '5', 'B', 'Forestry', NULL, NULL, NULL, NULL, NULL),
	('15', '6', 'B', 'Forestry', NULL, NULL, NULL, NULL, NULL),
	('15', '7', 'B', 'Forestry', NULL, NULL, NULL, NULL, NULL),
	('15', '8', 'B', 'Forestry', NULL, NULL, NULL, NULL, NULL),
	('15', '9', 'B', 'Forestry', NULL, NULL, NULL, NULL, NULL),
	('15', '10', 'B', 'Forestry', NULL, NULL, NULL, NULL, NULL),
	('15', '11', 'B', 'Forestry', NULL, NULL, NULL, NULL, NULL),
	('15', '12', 'B', 'Forestry', NULL, NULL, NULL, NULL, NULL),
	('15', '13', 'B', 'Forestry', NULL, NULL, NULL, NULL, NULL),
	('15', '14', 'B', 'Forestry', NULL, NULL, NULL, NULL, NULL),
	('15', '15', 'B', 'Forestry', NULL, NULL, NULL, NULL, NULL),
	('25', '1', 'B', 'Forestry', NULL, NULL, NULL, NULL, NULL),
	('35', '2', 'B', 'Forestry', NULL, NULL, NULL, NULL, NULL),
	('25', '3', 'B', 'Forestry', NULL, NULL, NULL, NULL, NULL),
	('35', '4', 'B', 'Forestry', NULL, NULL, NULL, NULL, NULL),
	('25', '5', 'B', 'Forestry', NULL, NULL, NULL, NULL, NULL),
	('35', '6', 'B', 'Forestry', NULL, NULL, NULL, NULL, NULL),
	('25', '7', 'B', 'Forestry', NULL, NULL, NULL, NULL, NULL),
	('35', '8', 'B', 'Forestry', NULL, NULL, NULL, NULL, NULL),
	('25', '9', 'B', 'Forestry', NULL, NULL, NULL, NULL, NULL),
	('35', '10', 'B', 'Forestry', NULL, NULL, NULL, NULL, NULL),
	('25', '11', 'B', 'Forestry', NULL, NULL, NULL, NULL, NULL),
	('35', '12', 'B', 'Forestry', NULL, NULL, NULL, NULL, NULL),
	('25', '13', 'B', 'Forestry', NULL, NULL, NULL, NULL, NULL),
	('35', '14', 'B', 'Forestry', NULL, NULL, NULL, NULL, NULL),
	('25', '15', 'B', 'Forestry', NULL, NULL, NULL, NULL, NULL),
	('15', '1', 'B', 'Heredity', NULL, NULL, NULL, NULL, NULL),
	('15', '2', 'B', 'Heredity', NULL, NULL, NULL, NULL, NULL),
	('15', '3', 'B', 'Heredity', NULL, NULL, NULL, NULL, NULL),
	('15', '4', 'B', 'Heredity', NULL, NULL, NULL, NULL, NULL),
	('15', '5', 'B', 'Heredity', NULL, NULL, NULL, NULL, NULL),
	('15', '6', 'B', 'Heredity', NULL, NULL, NULL, NULL, NULL),
	('15', '7', 'B', 'Heredity', NULL, NULL, NULL, NULL, NULL),
	('15', '8', 'B', 'Heredity', NULL, NULL, NULL, NULL, NULL),
	('15', '9', 'B', 'Heredity', NULL, NULL, NULL, NULL, NULL),
	('15', '10', 'B', 'Heredity', NULL, NULL, NULL, NULL, NULL),
	('15', '11', 'B', 'Heredity', NULL, NULL, NULL, NULL, NULL),
	('15', '12', 'B', 'Heredity', NULL, NULL, NULL, NULL, NULL),
	('15', '13', 'B', 'Heredity', NULL, NULL, NULL, NULL, NULL),
	('15', '14', 'B', 'Heredity', NULL, NULL, NULL, NULL, NULL),
	('15', '15', 'B', 'Heredity', NULL, NULL, NULL, NULL, NULL),
	('25', '1', 'B', 'Heredity', NULL, NULL, NULL, NULL, NULL),
	('35', '2', 'B', 'Heredity', NULL, NULL, NULL, NULL, NULL),
	('25', '3', 'B', 'Heredity', NULL, NULL, NULL, NULL, NULL),
	('35', '4', 'B', 'Heredity', NULL, NULL, NULL, NULL, NULL),
	('25', '5', 'B', 'Heredity', NULL, NULL, NULL, NULL, NULL),
	('35', '6', 'B', 'Heredity', NULL, NULL, NULL, NULL, NULL),
	('25', '7', 'B', 'Heredity', NULL, NULL, NULL, NULL, NULL),
	('35', '8', 'B', 'Heredity', NULL, NULL, NULL, NULL, NULL),
	('25', '9', 'B', 'Heredity', NULL, NULL, NULL, NULL, NULL),
	('35', '10', 'B', 'Heredity', NULL, NULL, NULL, NULL, NULL),
	('25', '11', 'B', 'Heredity', NULL, NULL, NULL, NULL, NULL),
	('35', '12', 'B', 'Heredity', NULL, NULL, NULL, NULL, NULL),
	('25', '13', 'B', 'Heredity', NULL, NULL, NULL, NULL, NULL),
	('35', '14', 'B', 'Heredity', NULL, NULL, NULL, NULL, NULL),
	('25', '15', 'B', 'Heredity', NULL, NULL, NULL, NULL, NULL),
	('15', '1', 'B', 'Keep the Heat', NULL, NULL, NULL, NULL, NULL),
	('15', '2', 'B', 'Keep the Heat', NULL, NULL, NULL, NULL, NULL),
	('15', '3', 'B', 'Keep the Heat', NULL, NULL, NULL, NULL, NULL),
	('15', '4', 'B', 'Keep the Heat', NULL, NULL, NULL, NULL, NULL),
	('15', '5', 'B', 'Keep the Heat', NULL, NULL, NULL, NULL, NULL),
	('15', '6', 'B', 'Keep the Heat', NULL, NULL, NULL, NULL, NULL),
	('15', '7', 'B', 'Keep the Heat', NULL, NULL, NULL, NULL, NULL),
	('15', '8', 'B', 'Keep the Heat', NULL, NULL, NULL, NULL, NULL),
	('15', '9', 'B', 'Keep the Heat', NULL, NULL, NULL, NULL, NULL),
	('15', '10', 'B', 'Keep the Heat', NULL, NULL, NULL, NULL, NULL),
	('15', '11', 'B', 'Keep the Heat', NULL, NULL, NULL, NULL, NULL),
	('15', '12', 'B', 'Keep the Heat', NULL, NULL, NULL, NULL, NULL),
	('15', '13', 'B', 'Keep the Heat', NULL, NULL, NULL, NULL, NULL),
	('15', '14', 'B', 'Keep the Heat', NULL, NULL, NULL, NULL, NULL),
	('15', '15', 'B', 'Keep the Heat', NULL, NULL, NULL, NULL, NULL),
	('25', '1', 'B', 'Keep the Heat', NULL, NULL, NULL, NULL, NULL),
	('35', '2', 'B', 'Keep the Heat', NULL, NULL, NULL, NULL, NULL),
	('25', '3', 'B', 'Keep the Heat', NULL, NULL, NULL, NULL, NULL),
	('35', '4', 'B', 'Keep the Heat', NULL, NULL, NULL, NULL, NULL),
	('25', '5', 'B', 'Keep the Heat', NULL, NULL, NULL, NULL, NULL),
	('35', '6', 'B', 'Keep the Heat', NULL, NULL, NULL, NULL, NULL),
	('25', '7', 'B', 'Keep the Heat', NULL, NULL, NULL, NULL, NULL),
	('35', '8', 'B', 'Keep the Heat', NULL, NULL, NULL, NULL, NULL),
	('25', '9', 'B', 'Keep the Heat', NULL, NULL, NULL, NULL, NULL),
	('35', '10', 'B', 'Keep the Heat', NULL, NULL, NULL, NULL, NULL),
	('25', '11', 'B', 'Keep the Heat', NULL, NULL, NULL, NULL, NULL),
	('35', '12', 'B', 'Keep the Heat', NULL, NULL, NULL, NULL, NULL),
	('25', '13', 'B', 'Keep the Heat', NULL, NULL, NULL, NULL, NULL),
	('35', '14', 'B', 'Keep the Heat', NULL, NULL, NULL, NULL, NULL),
	('25', '15', 'B', 'Keep the Heat', NULL, NULL, NULL, NULL, NULL),
	('15', '1', 'B', 'Meteorology', NULL, NULL, NULL, NULL, NULL),
	('15', '2', 'B', 'Meteorology', NULL, NULL, NULL, NULL, NULL),
	('15', '3', 'B', 'Meteorology', NULL, NULL, NULL, NULL, NULL),
	('15', '4', 'B', 'Meteorology', NULL, NULL, NULL, NULL, NULL),
	('15', '5', 'B', 'Meteorology', NULL, NULL, NULL, NULL, NULL),
	('15', '6', 'B', 'Meteorology', NULL, NULL, NULL, NULL, NULL),
	('15', '7', 'B', 'Meteorology', NULL, NULL, NULL, NULL, NULL),
	('15', '8', 'B', 'Meteorology', NULL, NULL, NULL, NULL, NULL),
	('15', '9', 'B', 'Meteorology', NULL, NULL, NULL, NULL, NULL),
	('15', '10', 'B', 'Meteorology', NULL, NULL, NULL, NULL, NULL),
	('15', '11', 'B', 'Meteorology', NULL, NULL, NULL, NULL, NULL),
	('15', '12', 'B', 'Meteorology', NULL, NULL, NULL, NULL, NULL),
	('15', '13', 'B', 'Meteorology', NULL, NULL, NULL, NULL, NULL),
	('15', '14', 'B', 'Meteorology', NULL, NULL, NULL, NULL, NULL),
	('15', '15', 'B', 'Meteorology', NULL, NULL, NULL, NULL, NULL),
	('25', '1', 'B', 'Meteorology', NULL, NULL, NULL, NULL, NULL),
	('35', '2', 'B', 'Meteorology', NULL, NULL, NULL, NULL, NULL),
	('25', '3', 'B', 'Meteorology', NULL, NULL, NULL, NULL, NULL),
	('35', '4', 'B', 'Meteorology', NULL, NULL, NULL, NULL, NULL),
	('25', '5', 'B', 'Meteorology', NULL, NULL, NULL, NULL, NULL),
	('35', '6', 'B', 'Meteorology', NULL, NULL, NULL, NULL, NULL),
	('25', '7', 'B', 'Meteorology', NULL, NULL, NULL, NULL, NULL),
	('35', '8', 'B', 'Meteorology', NULL, NULL, NULL, NULL, NULL),
	('25', '9', 'B', 'Meteorology', NULL, NULL, NULL, NULL, NULL),
	('35', '10', 'B', 'Meteorology', NULL, NULL, NULL, NULL, NULL),
	('25', '11', 'B', 'Meteorology', NULL, NULL, NULL, NULL, NULL),
	('35', '12', 'B', 'Meteorology', NULL, NULL, NULL, NULL, NULL),
	('25', '13', 'B', 'Meteorology', NULL, NULL, NULL, NULL, NULL),
	('35', '14', 'B', 'Meteorology', NULL, NULL, NULL, NULL, NULL),
	('25', '15', 'B', 'Meteorology', NULL, NULL, NULL, NULL, NULL),
	('15', '1', 'B', 'Metric Mastery', NULL, NULL, NULL, NULL, NULL),
	('15', '2', 'B', 'Metric Mastery', NULL, NULL, NULL, NULL, NULL),
	('15', '3', 'B', 'Metric Mastery', NULL, NULL, NULL, NULL, NULL),
	('15', '4', 'B', 'Metric Mastery', NULL, NULL, NULL, NULL, NULL),
	('15', '5', 'B', 'Metric Mastery', NULL, NULL, NULL, NULL, NULL),
	('15', '6', 'B', 'Metric Mastery', NULL, NULL, NULL, NULL, NULL),
	('15', '7', 'B', 'Metric Mastery', NULL, NULL, NULL, NULL, NULL),
	('15', '8', 'B', 'Metric Mastery', NULL, NULL, NULL, NULL, NULL),
	('15', '9', 'B', 'Metric Mastery', NULL, NULL, NULL, NULL, NULL),
	('15', '10', 'B', 'Metric Mastery', NULL, NULL, NULL, NULL, NULL),
	('15', '11', 'B', 'Metric Mastery', NULL, NULL, NULL, NULL, NULL),
	('15', '12', 'B', 'Metric Mastery', NULL, NULL, NULL, NULL, NULL),
	('15', '13', 'B', 'Metric Mastery', NULL, NULL, NULL, NULL, NULL),
	('15', '14', 'B', 'Metric Mastery', NULL, NULL, NULL, NULL, NULL),
	('15', '15', 'B', 'Metric Mastery', NULL, NULL, NULL, NULL, NULL),
	('25', '1', 'B', 'Metric Mastery', NULL, NULL, NULL, NULL, NULL),
	('35', '2', 'B', 'Metric Mastery', NULL, NULL, NULL, NULL, NULL),
	('25', '3', 'B', 'Metric Mastery', NULL, NULL, NULL, NULL, NULL),
	('35', '4', 'B', 'Metric Mastery', NULL, NULL, NULL, NULL, NULL),
	('25', '5', 'B', 'Metric Mastery', NULL, NULL, NULL, NULL, NULL),
	('35', '6', 'B', 'Metric Mastery', NULL, NULL, NULL, NULL, NULL),
	('25', '7', 'B', 'Metric Mastery', NULL, NULL, NULL, NULL, NULL),
	('35', '8', 'B', 'Metric Mastery', NULL, NULL, NULL, NULL, NULL),
	('25', '9', 'B', 'Metric Mastery', NULL, NULL, NULL, NULL, NULL),
	('35', '10', 'B', 'Metric Mastery', NULL, NULL, NULL, NULL, NULL),
	('25', '11', 'B', 'Metric Mastery', NULL, NULL, NULL, NULL, NULL),
	('35', '12', 'B', 'Metric Mastery', NULL, NULL, NULL, NULL, NULL),
	('25', '13', 'B', 'Metric Mastery', NULL, NULL, NULL, NULL, NULL),
	('35', '14', 'B', 'Metric Mastery', NULL, NULL, NULL, NULL, NULL),
	('25', '15', 'B', 'Metric Mastery', NULL, NULL, NULL, NULL, NULL),
	('15', '1', 'B', 'Mission Possible', NULL, NULL, NULL, NULL, NULL),
	('15', '2', 'B', 'Mission Possible', NULL, NULL, NULL, NULL, NULL),
	('15', '3', 'B', 'Mission Possible', NULL, NULL, NULL, NULL, NULL),
	('15', '4', 'B', 'Mission Possible', NULL, NULL, NULL, NULL, NULL),
	('15', '5', 'B', 'Mission Possible', NULL, NULL, NULL, NULL, NULL),
	('15', '6', 'B', 'Mission Possible', NULL, NULL, NULL, NULL, NULL),
	('15', '7', 'B', 'Mission Possible', NULL, NULL, NULL, NULL, NULL),
	('15', '8', 'B', 'Mission Possible', NULL, NULL, NULL, NULL, NULL),
	('15', '9', 'B', 'Mission Possible', NULL, NULL, NULL, NULL, NULL),
	('15', '10', 'B', 'Mission Possible', NULL, NULL, NULL, NULL, NULL),
	('15', '11', 'B', 'Mission Possible', NULL, NULL, NULL, NULL, NULL),
	('15', '12', 'B', 'Mission Possible', NULL, NULL, NULL, NULL, NULL),
	('15', '13', 'B', 'Mission Possible', NULL, NULL, NULL, NULL, NULL),
	('15', '14', 'B', 'Mission Possible', NULL, NULL, NULL, NULL, NULL),
	('15', '15', 'B', 'Mission Possible', NULL, NULL, NULL, NULL, NULL),
	('25', '1', 'B', 'Mission Possible', NULL, NULL, NULL, NULL, NULL),
	('35', '2', 'B', 'Mission Possible', NULL, NULL, NULL, NULL, NULL),
	('25', '3', 'B', 'Mission Possible', NULL, NULL, NULL, NULL, NULL),
	('35', '4', 'B', 'Mission Possible', NULL, NULL, NULL, NULL, NULL),
	('25', '5', 'B', 'Mission Possible', NULL, NULL, NULL, NULL, NULL),
	('35', '6', 'B', 'Mission Possible', NULL, NULL, NULL, NULL, NULL),
	('25', '7', 'B', 'Mission Possible', NULL, NULL, NULL, NULL, NULL),
	('35', '8', 'B', 'Mission Possible', NULL, NULL, NULL, NULL, NULL),
	('25', '9', 'B', 'Mission Possible', NULL, NULL, NULL, NULL, NULL),
	('35', '10', 'B', 'Mission Possible', NULL, NULL, NULL, NULL, NULL),
	('25', '11', 'B', 'Mission Possible', NULL, NULL, NULL, NULL, NULL),
	('35', '12', 'B', 'Mission Possible', NULL, NULL, NULL, NULL, NULL),
	('25', '13', 'B', 'Mission Possible', NULL, NULL, NULL, NULL, NULL),
	('35', '14', 'B', 'Mission Possible', NULL, NULL, NULL, NULL, NULL),
	('25', '15', 'B', 'Mission Possible', NULL, NULL, NULL, NULL, NULL),
	('15', '1', 'B', 'Mousetrap Vehicle', NULL, NULL, NULL, NULL, NULL),
	('15', '2', 'B', 'Mousetrap Vehicle', NULL, NULL, NULL, NULL, NULL),
	('15', '3', 'B', 'Mousetrap Vehicle', NULL, NULL, NULL, NULL, NULL),
	('15', '4', 'B', 'Mousetrap Vehicle', NULL, NULL, NULL, NULL, NULL),
	('15', '5', 'B', 'Mousetrap Vehicle', NULL, NULL, NULL, NULL, NULL),
	('15', '6', 'B', 'Mousetrap Vehicle', NULL, NULL, NULL, NULL, NULL),
	('15', '7', 'B', 'Mousetrap Vehicle', NULL, NULL, NULL, NULL, NULL),
	('15', '8', 'B', 'Mousetrap Vehicle', NULL, NULL, NULL, NULL, NULL),
	('15', '9', 'B', 'Mousetrap Vehicle', NULL, NULL, NULL, NULL, NULL),
	('15', '10', 'B', 'Mousetrap Vehicle', NULL, NULL, NULL, NULL, NULL),
	('15', '11', 'B', 'Mousetrap Vehicle', NULL, NULL, NULL, NULL, NULL),
	('15', '12', 'B', 'Mousetrap Vehicle', NULL, NULL, NULL, NULL, NULL),
	('15', '13', 'B', 'Mousetrap Vehicle', NULL, NULL, NULL, NULL, NULL),
	('15', '14', 'B', 'Mousetrap Vehicle', NULL, NULL, NULL, NULL, NULL),
	('15', '15', 'B', 'Mousetrap Vehicle', NULL, NULL, NULL, NULL, NULL),
	('25', '1', 'B', 'Mousetrap Vehicle', NULL, NULL, NULL, NULL, NULL),
	('35', '2', 'B', 'Mousetrap Vehicle', NULL, NULL, NULL, NULL, NULL),
	('25', '3', 'B', 'Mousetrap Vehicle', NULL, NULL, NULL, NULL, NULL),
	('35', '4', 'B', 'Mousetrap Vehicle', NULL, NULL, NULL, NULL, NULL),
	('25', '5', 'B', 'Mousetrap Vehicle', NULL, NULL, NULL, NULL, NULL),
	('35', '6', 'B', 'Mousetrap Vehicle', NULL, NULL, NULL, NULL, NULL),
	('25', '7', 'B', 'Mousetrap Vehicle', NULL, NULL, NULL, NULL, NULL),
	('35', '8', 'B', 'Mousetrap Vehicle', NULL, NULL, NULL, NULL, NULL),
	('25', '9', 'B', 'Mousetrap Vehicle', NULL, NULL, NULL, NULL, NULL),
	('35', '10', 'B', 'Mousetrap Vehicle', NULL, NULL, NULL, NULL, NULL),
	('25', '11', 'B', 'Mousetrap Vehicle', NULL, NULL, NULL, NULL, NULL),
	('35', '12', 'B', 'Mousetrap Vehicle', NULL, NULL, NULL, NULL, NULL),
	('25', '13', 'B', 'Mousetrap Vehicle', NULL, NULL, NULL, NULL, NULL),
	('35', '14', 'B', 'Mousetrap Vehicle', NULL, NULL, NULL, NULL, NULL),
	('25', '15', 'B', 'Mousetrap Vehicle', NULL, NULL, NULL, NULL, NULL),
	('15', '1', 'B', 'Mystery Architecture', NULL, NULL, NULL, NULL, NULL),
	('15', '2', 'B', 'Mystery Architecture', NULL, NULL, NULL, NULL, NULL),
	('15', '3', 'B', 'Mystery Architecture', NULL, NULL, NULL, NULL, NULL),
	('15', '4', 'B', 'Mystery Architecture', NULL, NULL, NULL, NULL, NULL),
	('15', '5', 'B', 'Mystery Architecture', NULL, NULL, NULL, NULL, NULL),
	('15', '6', 'B', 'Mystery Architecture', NULL, NULL, NULL, NULL, NULL),
	('15', '7', 'B', 'Mystery Architecture', NULL, NULL, NULL, NULL, NULL),
	('15', '8', 'B', 'Mystery Architecture', NULL, NULL, NULL, NULL, NULL),
	('15', '9', 'B', 'Mystery Architecture', NULL, NULL, NULL, NULL, NULL),
	('15', '10', 'B', 'Mystery Architecture', NULL, NULL, NULL, NULL, NULL),
	('15', '11', 'B', 'Mystery Architecture', NULL, NULL, NULL, NULL, NULL),
	('15', '12', 'B', 'Mystery Architecture', NULL, NULL, NULL, NULL, NULL),
	('15', '13', 'B', 'Mystery Architecture', NULL, NULL, NULL, NULL, NULL),
	('15', '14', 'B', 'Mystery Architecture', NULL, NULL, NULL, NULL, NULL),
	('15', '15', 'B', 'Mystery Architecture', NULL, NULL, NULL, NULL, NULL),
	('25', '1', 'B', 'Mystery Architecture', NULL, NULL, NULL, NULL, NULL),
	('35', '2', 'B', 'Mystery Architecture', NULL, NULL, NULL, NULL, NULL),
	('25', '3', 'B', 'Mystery Architecture', NULL, NULL, NULL, NULL, NULL),
	('35', '4', 'B', 'Mystery Architecture', NULL, NULL, NULL, NULL, NULL),
	('25', '5', 'B', 'Mystery Architecture', NULL, NULL, NULL, NULL, NULL),
	('35', '6', 'B', 'Mystery Architecture', NULL, NULL, NULL, NULL, NULL),
	('25', '7', 'B', 'Mystery Architecture', NULL, NULL, NULL, NULL, NULL),
	('35', '8', 'B', 'Mystery Architecture', NULL, NULL, NULL, NULL, NULL),
	('25', '9', 'B', 'Mystery Architecture', NULL, NULL, NULL, NULL, NULL),
	('35', '10', 'B', 'Mystery Architecture', NULL, NULL, NULL, NULL, NULL),
	('25', '11', 'B', 'Mystery Architecture', NULL, NULL, NULL, NULL, NULL),
	('35', '12', 'B', 'Mystery Architecture', NULL, NULL, NULL, NULL, NULL),
	('25', '13', 'B', 'Mystery Architecture', NULL, NULL, NULL, NULL, NULL),
	('35', '14', 'B', 'Mystery Architecture', NULL, NULL, NULL, NULL, NULL),
	('25', '15', 'B', 'Mystery Architecture', NULL, NULL, NULL, NULL, NULL),
	('15', '1', 'B', 'Reach for the Stars', NULL, NULL, NULL, NULL, NULL),
	('15', '2', 'B', 'Reach for the Stars', NULL, NULL, NULL, NULL, NULL),
	('15', '3', 'B', 'Reach for the Stars', NULL, NULL, NULL, NULL, NULL),
	('15', '4', 'B', 'Reach for the Stars', NULL, NULL, NULL, NULL, NULL),
	('15', '5', 'B', 'Reach for the Stars', NULL, NULL, NULL, NULL, NULL),
	('15', '6', 'B', 'Reach for the Stars', NULL, NULL, NULL, NULL, NULL),
	('15', '7', 'B', 'Reach for the Stars', NULL, NULL, NULL, NULL, NULL),
	('15', '8', 'B', 'Reach for the Stars', NULL, NULL, NULL, NULL, NULL),
	('15', '9', 'B', 'Reach for the Stars', NULL, NULL, NULL, NULL, NULL),
	('15', '10', 'B', 'Reach for the Stars', NULL, NULL, NULL, NULL, NULL),
	('15', '11', 'B', 'Reach for the Stars', NULL, NULL, NULL, NULL, NULL),
	('15', '12', 'B', 'Reach for the Stars', NULL, NULL, NULL, NULL, NULL),
	('15', '13', 'B', 'Reach for the Stars', NULL, NULL, NULL, NULL, NULL),
	('15', '14', 'B', 'Reach for the Stars', NULL, NULL, NULL, NULL, NULL),
	('15', '15', 'B', 'Reach for the Stars', NULL, NULL, NULL, NULL, NULL),
	('25', '1', 'B', 'Reach for the Stars', NULL, NULL, NULL, NULL, NULL),
	('35', '2', 'B', 'Reach for the Stars', NULL, NULL, NULL, NULL, NULL),
	('25', '3', 'B', 'Reach for the Stars', NULL, NULL, NULL, NULL, NULL),
	('35', '4', 'B', 'Reach for the Stars', NULL, NULL, NULL, NULL, NULL),
	('25', '5', 'B', 'Reach for the Stars', NULL, NULL, NULL, NULL, NULL),
	('35', '6', 'B', 'Reach for the Stars', NULL, NULL, NULL, NULL, NULL),
	('25', '7', 'B', 'Reach for the Stars', NULL, NULL, NULL, NULL, NULL),
	('35', '8', 'B', 'Reach for the Stars', NULL, NULL, NULL, NULL, NULL),
	('25', '9', 'B', 'Reach for the Stars', NULL, NULL, NULL, NULL, NULL),
	('35', '10', 'B', 'Reach for the Stars', NULL, NULL, NULL, NULL, NULL),
	('25', '11', 'B', 'Reach for the Stars', NULL, NULL, NULL, NULL, NULL),
	('35', '12', 'B', 'Reach for the Stars', NULL, NULL, NULL, NULL, NULL),
	('25', '13', 'B', 'Reach for the Stars', NULL, NULL, NULL, NULL, NULL),
	('35', '14', 'B', 'Reach for the Stars', NULL, NULL, NULL, NULL, NULL),
	('25', '15', 'B', 'Reach for the Stars', NULL, NULL, NULL, NULL, NULL),
	('15', '1', 'B', 'Road Scholar', NULL, NULL, NULL, NULL, NULL),
	('15', '2', 'B', 'Road Scholar', NULL, NULL, NULL, NULL, NULL),
	('15', '3', 'B', 'Road Scholar', NULL, NULL, NULL, NULL, NULL),
	('15', '4', 'B', 'Road Scholar', NULL, NULL, NULL, NULL, NULL),
	('15', '5', 'B', 'Road Scholar', NULL, NULL, NULL, NULL, NULL),
	('15', '6', 'B', 'Road Scholar', NULL, NULL, NULL, NULL, NULL),
	('15', '7', 'B', 'Road Scholar', NULL, NULL, NULL, NULL, NULL),
	('15', '8', 'B', 'Road Scholar', NULL, NULL, NULL, NULL, NULL),
	('15', '9', 'B', 'Road Scholar', NULL, NULL, NULL, NULL, NULL),
	('15', '10', 'B', 'Road Scholar', NULL, NULL, NULL, NULL, NULL),
	('15', '11', 'B', 'Road Scholar', NULL, NULL, NULL, NULL, NULL),
	('15', '12', 'B', 'Road Scholar', NULL, NULL, NULL, NULL, NULL),
	('15', '13', 'B', 'Road Scholar', NULL, NULL, NULL, NULL, NULL),
	('15', '14', 'B', 'Road Scholar', NULL, NULL, NULL, NULL, NULL),
	('15', '15', 'B', 'Road Scholar', NULL, NULL, NULL, NULL, NULL),
	('25', '1', 'B', 'Road Scholar', NULL, NULL, NULL, NULL, NULL),
	('35', '2', 'B', 'Road Scholar', NULL, NULL, NULL, NULL, NULL),
	('25', '3', 'B', 'Road Scholar', NULL, NULL, NULL, NULL, NULL),
	('35', '4', 'B', 'Road Scholar', NULL, NULL, NULL, NULL, NULL),
	('25', '5', 'B', 'Road Scholar', NULL, NULL, NULL, NULL, NULL),
	('35', '6', 'B', 'Road Scholar', NULL, NULL, NULL, NULL, NULL),
	('25', '7', 'B', 'Road Scholar', NULL, NULL, NULL, NULL, NULL),
	('35', '8', 'B', 'Road Scholar', NULL, NULL, NULL, NULL, NULL),
	('25', '9', 'B', 'Road Scholar', NULL, NULL, NULL, NULL, NULL),
	('35', '10', 'B', 'Road Scholar', NULL, NULL, NULL, NULL, NULL),
	('25', '11', 'B', 'Road Scholar', NULL, NULL, NULL, NULL, NULL),
	('35', '12', 'B', 'Road Scholar', NULL, NULL, NULL, NULL, NULL),
	('25', '13', 'B', 'Road Scholar', NULL, NULL, NULL, NULL, NULL),
	('35', '14', 'B', 'Road Scholar', NULL, NULL, NULL, NULL, NULL),
	('25', '15', 'B', 'Road Scholar', NULL, NULL, NULL, NULL, NULL),
	('15', '1', 'B', 'Rocks and Minerals', NULL, NULL, NULL, NULL, NULL),
	('15', '2', 'B', 'Rocks and Minerals', NULL, NULL, NULL, NULL, NULL),
	('15', '3', 'B', 'Rocks and Minerals', NULL, NULL, NULL, NULL, NULL),
	('15', '4', 'B', 'Rocks and Minerals', NULL, NULL, NULL, NULL, NULL),
	('15', '5', 'B', 'Rocks and Minerals', NULL, NULL, NULL, NULL, NULL),
	('15', '6', 'B', 'Rocks and Minerals', NULL, NULL, NULL, NULL, NULL),
	('15', '7', 'B', 'Rocks and Minerals', NULL, NULL, NULL, NULL, NULL),
	('15', '8', 'B', 'Rocks and Minerals', NULL, NULL, NULL, NULL, NULL),
	('15', '9', 'B', 'Rocks and Minerals', NULL, NULL, NULL, NULL, NULL),
	('15', '10', 'B', 'Rocks and Minerals', NULL, NULL, NULL, NULL, NULL),
	('15', '11', 'B', 'Rocks and Minerals', NULL, NULL, NULL, NULL, NULL),
	('15', '12', 'B', 'Rocks and Minerals', NULL, NULL, NULL, NULL, NULL),
	('15', '13', 'B', 'Rocks and Minerals', NULL, NULL, NULL, NULL, NULL),
	('15', '14', 'B', 'Rocks and Minerals', NULL, NULL, NULL, NULL, NULL),
	('15', '15', 'B', 'Rocks and Minerals', NULL, NULL, NULL, NULL, NULL),
	('25', '1', 'B', 'Rocks and Minerals', NULL, NULL, NULL, NULL, NULL),
	('35', '2', 'B', 'Rocks and Minerals', NULL, NULL, NULL, NULL, NULL),
	('25', '3', 'B', 'Rocks and Minerals', NULL, NULL, NULL, NULL, NULL),
	('35', '4', 'B', 'Rocks and Minerals', NULL, NULL, NULL, NULL, NULL),
	('25', '5', 'B', 'Rocks and Minerals', NULL, NULL, NULL, NULL, NULL),
	('35', '6', 'B', 'Rocks and Minerals', NULL, NULL, NULL, NULL, NULL),
	('25', '7', 'B', 'Rocks and Minerals', NULL, NULL, NULL, NULL, NULL),
	('35', '8', 'B', 'Rocks and Minerals', NULL, NULL, NULL, NULL, NULL),
	('25', '9', 'B', 'Rocks and Minerals', NULL, NULL, NULL, NULL, NULL),
	('35', '10', 'B', 'Rocks and Minerals', NULL, NULL, NULL, NULL, NULL),
	('25', '11', 'B', 'Rocks and Minerals', NULL, NULL, NULL, NULL, NULL),
	('35', '12', 'B', 'Rocks and Minerals', NULL, NULL, NULL, NULL, NULL),
	('25', '13', 'B', 'Rocks and Minerals', NULL, NULL, NULL, NULL, NULL),
	('35', '14', 'B', 'Rocks and Minerals', NULL, NULL, NULL, NULL, NULL),
	('25', '15', 'B', 'Rocks and Minerals', NULL, NULL, NULL, NULL, NULL),
	('15', '1', 'B', 'Roller Coaster', NULL, NULL, NULL, NULL, NULL),
	('15', '2', 'B', 'Roller Coaster', NULL, NULL, NULL, NULL, NULL),
	('15', '3', 'B', 'Roller Coaster', NULL, NULL, NULL, NULL, NULL),
	('15', '4', 'B', 'Roller Coaster', NULL, NULL, NULL, NULL, NULL),
	('15', '5', 'B', 'Roller Coaster', NULL, NULL, NULL, NULL, NULL),
	('15', '6', 'B', 'Roller Coaster', NULL, NULL, NULL, NULL, NULL),
	('15', '7', 'B', 'Roller Coaster', NULL, NULL, NULL, NULL, NULL),
	('15', '8', 'B', 'Roller Coaster', NULL, NULL, NULL, NULL, NULL),
	('15', '9', 'B', 'Roller Coaster', NULL, NULL, NULL, NULL, NULL),
	('15', '10', 'B', 'Roller Coaster', NULL, NULL, NULL, NULL, NULL),
	('15', '11', 'B', 'Roller Coaster', NULL, NULL, NULL, NULL, NULL),
	('15', '12', 'B', 'Roller Coaster', NULL, NULL, NULL, NULL, NULL),
	('15', '13', 'B', 'Roller Coaster', NULL, NULL, NULL, NULL, NULL),
	('15', '14', 'B', 'Roller Coaster', NULL, NULL, NULL, NULL, NULL),
	('15', '15', 'B', 'Roller Coaster', NULL, NULL, NULL, NULL, NULL),
	('25', '1', 'B', 'Roller Coaster', NULL, NULL, NULL, NULL, NULL),
	('35', '2', 'B', 'Roller Coaster', NULL, NULL, NULL, NULL, NULL),
	('25', '3', 'B', 'Roller Coaster', NULL, NULL, NULL, NULL, NULL),
	('35', '4', 'B', 'Roller Coaster', NULL, NULL, NULL, NULL, NULL),
	('25', '5', 'B', 'Roller Coaster', NULL, NULL, NULL, NULL, NULL),
	('35', '6', 'B', 'Roller Coaster', NULL, NULL, NULL, NULL, NULL),
	('25', '7', 'B', 'Roller Coaster', NULL, NULL, NULL, NULL, NULL),
	('35', '8', 'B', 'Roller Coaster', NULL, NULL, NULL, NULL, NULL),
	('25', '9', 'B', 'Roller Coaster', NULL, NULL, NULL, NULL, NULL),
	('35', '10', 'B', 'Roller Coaster', NULL, NULL, NULL, NULL, NULL),
	('25', '11', 'B', 'Roller Coaster', NULL, NULL, NULL, NULL, NULL),
	('35', '12', 'B', 'Roller Coaster', NULL, NULL, NULL, NULL, NULL),
	('25', '13', 'B', 'Roller Coaster', NULL, NULL, NULL, NULL, NULL),
	('35', '14', 'B', 'Roller Coaster', NULL, NULL, NULL, NULL, NULL),
	('25', '15', 'B', 'Roller Coaster', NULL, NULL, NULL, NULL, NULL),
	('15', '1', 'B', 'Rotor Egg Drop', NULL, NULL, NULL, NULL, NULL),
	('15', '2', 'B', 'Rotor Egg Drop', NULL, NULL, NULL, NULL, NULL),
	('15', '3', 'B', 'Rotor Egg Drop', NULL, NULL, NULL, NULL, NULL),
	('15', '4', 'B', 'Rotor Egg Drop', NULL, NULL, NULL, NULL, NULL),
	('15', '5', 'B', 'Rotor Egg Drop', NULL, NULL, NULL, NULL, NULL),
	('15', '6', 'B', 'Rotor Egg Drop', NULL, NULL, NULL, NULL, NULL),
	('15', '7', 'B', 'Rotor Egg Drop', NULL, NULL, NULL, NULL, NULL),
	('15', '8', 'B', 'Rotor Egg Drop', NULL, NULL, NULL, NULL, NULL),
	('15', '9', 'B', 'Rotor Egg Drop', NULL, NULL, NULL, NULL, NULL),
	('15', '10', 'B', 'Rotor Egg Drop', NULL, NULL, NULL, NULL, NULL),
	('15', '11', 'B', 'Rotor Egg Drop', NULL, NULL, NULL, NULL, NULL),
	('15', '12', 'B', 'Rotor Egg Drop', NULL, NULL, NULL, NULL, NULL),
	('15', '13', 'B', 'Rotor Egg Drop', NULL, NULL, NULL, NULL, NULL),
	('15', '14', 'B', 'Rotor Egg Drop', NULL, NULL, NULL, NULL, NULL),
	('15', '15', 'B', 'Rotor Egg Drop', NULL, NULL, NULL, NULL, NULL),
	('25', '1', 'B', 'Rotor Egg Drop', NULL, NULL, NULL, NULL, NULL),
	('35', '2', 'B', 'Rotor Egg Drop', NULL, NULL, NULL, NULL, NULL),
	('25', '3', 'B', 'Rotor Egg Drop', NULL, NULL, NULL, NULL, NULL),
	('35', '4', 'B', 'Rotor Egg Drop', NULL, NULL, NULL, NULL, NULL),
	('25', '5', 'B', 'Rotor Egg Drop', NULL, NULL, NULL, NULL, NULL),
	('35', '6', 'B', 'Rotor Egg Drop', NULL, NULL, NULL, NULL, NULL),
	('25', '7', 'B', 'Rotor Egg Drop', NULL, NULL, NULL, NULL, NULL),
	('35', '8', 'B', 'Rotor Egg Drop', NULL, NULL, NULL, NULL, NULL),
	('25', '9', 'B', 'Rotor Egg Drop', NULL, NULL, NULL, NULL, NULL),
	('35', '10', 'B', 'Rotor Egg Drop', NULL, NULL, NULL, NULL, NULL),
	('25', '11', 'B', 'Rotor Egg Drop', NULL, NULL, NULL, NULL, NULL),
	('35', '12', 'B', 'Rotor Egg Drop', NULL, NULL, NULL, NULL, NULL),
	('25', '13', 'B', 'Rotor Egg Drop', NULL, NULL, NULL, NULL, NULL),
	('35', '14', 'B', 'Rotor Egg Drop', NULL, NULL, NULL, NULL, NULL),
	('25', '15', 'B', 'Rotor Egg Drop', NULL, NULL, NULL, NULL, NULL),
	('15', '1', 'B', 'Shock Value', NULL, NULL, NULL, NULL, NULL),
	('15', '2', 'B', 'Shock Value', NULL, NULL, NULL, NULL, NULL),
	('15', '3', 'B', 'Shock Value', NULL, NULL, NULL, NULL, NULL),
	('15', '4', 'B', 'Shock Value', NULL, NULL, NULL, NULL, NULL),
	('15', '5', 'B', 'Shock Value', NULL, NULL, NULL, NULL, NULL),
	('15', '6', 'B', 'Shock Value', NULL, NULL, NULL, NULL, NULL),
	('15', '7', 'B', 'Shock Value', NULL, NULL, NULL, NULL, NULL),
	('15', '8', 'B', 'Shock Value', NULL, NULL, NULL, NULL, NULL),
	('15', '9', 'B', 'Shock Value', NULL, NULL, NULL, NULL, NULL),
	('15', '10', 'B', 'Shock Value', NULL, NULL, NULL, NULL, NULL),
	('15', '11', 'B', 'Shock Value', NULL, NULL, NULL, NULL, NULL),
	('15', '12', 'B', 'Shock Value', NULL, NULL, NULL, NULL, NULL),
	('15', '13', 'B', 'Shock Value', NULL, NULL, NULL, NULL, NULL),
	('15', '14', 'B', 'Shock Value', NULL, NULL, NULL, NULL, NULL),
	('15', '15', 'B', 'Shock Value', NULL, NULL, NULL, NULL, NULL),
	('25', '1', 'B', 'Shock Value', NULL, NULL, NULL, NULL, NULL),
	('35', '2', 'B', 'Shock Value', NULL, NULL, NULL, NULL, NULL),
	('25', '3', 'B', 'Shock Value', NULL, NULL, NULL, NULL, NULL),
	('35', '4', 'B', 'Shock Value', NULL, NULL, NULL, NULL, NULL),
	('25', '5', 'B', 'Shock Value', NULL, NULL, NULL, NULL, NULL),
	('35', '6', 'B', 'Shock Value', NULL, NULL, NULL, NULL, NULL),
	('25', '7', 'B', 'Shock Value', NULL, NULL, NULL, NULL, NULL),
	('35', '8', 'B', 'Shock Value', NULL, NULL, NULL, NULL, NULL),
	('25', '9', 'B', 'Shock Value', NULL, NULL, NULL, NULL, NULL),
	('35', '10', 'B', 'Shock Value', NULL, NULL, NULL, NULL, NULL),
	('25', '11', 'B', 'Shock Value', NULL, NULL, NULL, NULL, NULL),
	('35', '12', 'B', 'Shock Value', NULL, NULL, NULL, NULL, NULL),
	('25', '13', 'B', 'Shock Value', NULL, NULL, NULL, NULL, NULL),
	('35', '14', 'B', 'Shock Value', NULL, NULL, NULL, NULL, NULL),
	('25', '15', 'B', 'Shock Value', NULL, NULL, NULL, NULL, NULL),
	('15', '1', 'B', 'Water Quality', NULL, NULL, NULL, NULL, NULL),
	('15', '2', 'B', 'Water Quality', NULL, NULL, NULL, NULL, NULL),
	('15', '3', 'B', 'Water Quality', NULL, NULL, NULL, NULL, NULL),
	('15', '4', 'B', 'Water Quality', NULL, NULL, NULL, NULL, NULL),
	('15', '5', 'B', 'Water Quality', NULL, NULL, NULL, NULL, NULL),
	('15', '6', 'B', 'Water Quality', NULL, NULL, NULL, NULL, NULL),
	('15', '7', 'B', 'Water Quality', NULL, NULL, NULL, NULL, NULL),
	('15', '8', 'B', 'Water Quality', NULL, NULL, NULL, NULL, NULL),
	('15', '9', 'B', 'Water Quality', NULL, NULL, NULL, NULL, NULL),
	('15', '10', 'B', 'Water Quality', NULL, NULL, NULL, NULL, NULL),
	('15', '11', 'B', 'Water Quality', NULL, NULL, NULL, NULL, NULL),
	('15', '12', 'B', 'Water Quality', NULL, NULL, NULL, NULL, NULL),
	('15', '13', 'B', 'Water Quality', NULL, NULL, NULL, NULL, NULL),
	('15', '14', 'B', 'Water Quality', NULL, NULL, NULL, NULL, NULL),
	('15', '15', 'B', 'Water Quality', NULL, NULL, NULL, NULL, NULL),
	('25', '1', 'B', 'Water Quality', NULL, NULL, NULL, NULL, NULL),
	('35', '2', 'B', 'Water Quality', NULL, NULL, NULL, NULL, NULL),
	('25', '3', 'B', 'Water Quality', NULL, NULL, NULL, NULL, NULL),
	('35', '4', 'B', 'Water Quality', NULL, NULL, NULL, NULL, NULL),
	('25', '5', 'B', 'Water Quality', NULL, NULL, NULL, NULL, NULL),
	('35', '6', 'B', 'Water Quality', NULL, NULL, NULL, NULL, NULL),
	('25', '7', 'B', 'Water Quality', NULL, NULL, NULL, NULL, NULL),
	('35', '8', 'B', 'Water Quality', NULL, NULL, NULL, NULL, NULL),
	('25', '9', 'B', 'Water Quality', NULL, NULL, NULL, NULL, NULL),
	('35', '10', 'B', 'Water Quality', NULL, NULL, NULL, NULL, NULL),
	('25', '11', 'B', 'Water Quality', NULL, NULL, NULL, NULL, NULL),
	('35', '12', 'B', 'Water Quality', NULL, NULL, NULL, NULL, NULL),
	('25', '13', 'B', 'Water Quality', NULL, NULL, NULL, NULL, NULL),
	('35', '14', 'B', 'Water Quality', NULL, NULL, NULL, NULL, NULL),
	('25', '15', 'B', 'Water Quality', NULL, NULL, NULL, NULL, NULL),
	('15', '1', 'B', 'Write It Do It', NULL, NULL, NULL, NULL, NULL),
	('15', '2', 'B', 'Write It Do It', NULL, NULL, NULL, NULL, NULL),
	('15', '3', 'B', 'Write It Do It', NULL, NULL, NULL, NULL, NULL),
	('15', '4', 'B', 'Write It Do It', NULL, NULL, NULL, NULL, NULL),
	('15', '5', 'B', 'Write It Do It', NULL, NULL, NULL, NULL, NULL),
	('15', '6', 'B', 'Write It Do It', NULL, NULL, NULL, NULL, NULL),
	('15', '7', 'B', 'Write It Do It', NULL, NULL, NULL, NULL, NULL),
	('15', '8', 'B', 'Write It Do It', NULL, NULL, NULL, NULL, NULL),
	('15', '9', 'B', 'Write It Do It', NULL, NULL, NULL, NULL, NULL),
	('15', '10', 'B', 'Write It Do It', NULL, NULL, NULL, NULL, NULL),
	('15', '11', 'B', 'Write It Do It', NULL, NULL, NULL, NULL, NULL),
	('15', '12', 'B', 'Write It Do It', NULL, NULL, NULL, NULL, NULL),
	('15', '13', 'B', 'Write It Do It', NULL, NULL, NULL, NULL, NULL),
	('15', '14', 'B', 'Write It Do It', NULL, NULL, NULL, NULL, NULL),
	('15', '15', 'B', 'Write It Do It', NULL, NULL, NULL, NULL, NULL),
	('25', '1', 'B', 'Write It Do It', NULL, NULL, NULL, NULL, NULL),
	('35', '2', 'B', 'Write It Do It', NULL, NULL, NULL, NULL, NULL),
	('25', '3', 'B', 'Write It Do It', NULL, NULL, NULL, NULL, NULL),
	('35', '4', 'B', 'Write It Do It', NULL, NULL, NULL, NULL, NULL),
	('25', '5', 'B', 'Write It Do It', NULL, NULL, NULL, NULL, NULL),
	('35', '6', 'B', 'Write It Do It', NULL, NULL, NULL, NULL, NULL),
	('25', '7', 'B', 'Write It Do It', NULL, NULL, NULL, NULL, NULL),
	('35', '8', 'B', 'Write It Do It', NULL, NULL, NULL, NULL, NULL),
	('25', '9', 'B', 'Write It Do It', NULL, NULL, NULL, NULL, NULL),
	('35', '10', 'B', 'Write It Do It', NULL, NULL, NULL, NULL, NULL),
	('25', '11', 'B', 'Write It Do It', NULL, NULL, NULL, NULL, NULL),
	('35', '12', 'B', 'Write It Do It', NULL, NULL, NULL, NULL, NULL),
	('25', '13', 'B', 'Write It Do It', NULL, NULL, NULL, NULL, NULL),
	('35', '14', 'B', 'Write It Do It', NULL, NULL, NULL, NULL, NULL),
	('25', '15', 'B', 'Write It Do It', NULL, NULL, NULL, NULL, NULL),
	('15', '1', 'C', 'Anatomy and Physiology', NULL, NULL, NULL, NULL, NULL),
	('15', '2', 'C', 'Anatomy and Physiology', NULL, NULL, NULL, NULL, NULL),
	('15', '3', 'C', 'Anatomy and Physiology', NULL, NULL, NULL, NULL, NULL),
	('15', '4', 'C', 'Anatomy and Physiology', NULL, NULL, NULL, NULL, NULL),
	('15', '5', 'C', 'Anatomy and Physiology', NULL, NULL, NULL, NULL, NULL),
	('15', '6', 'C', 'Anatomy and Physiology', NULL, NULL, NULL, NULL, NULL),
	('15', '7', 'C', 'Anatomy and Physiology', NULL, NULL, NULL, NULL, NULL),
	('15', '8', 'C', 'Anatomy and Physiology', NULL, NULL, NULL, NULL, NULL),
	('15', '9', 'C', 'Anatomy and Physiology', NULL, NULL, NULL, NULL, NULL),
	('15', '10', 'C', 'Anatomy and Physiology', NULL, NULL, NULL, NULL, NULL),
	('15', '11', 'C', 'Anatomy and Physiology', NULL, NULL, NULL, NULL, NULL),
	('15', '12', 'C', 'Anatomy and Physiology', NULL, NULL, NULL, NULL, NULL),
	('15', '13', 'C', 'Anatomy and Physiology', NULL, NULL, NULL, NULL, NULL),
	('35', '1', 'C', 'Anatomy and Physiology', NULL, NULL, NULL, NULL, NULL),
	('25', '2', 'C', 'Anatomy and Physiology', NULL, NULL, NULL, NULL, NULL),
	('35', '3', 'C', 'Anatomy and Physiology', NULL, NULL, NULL, NULL, NULL),
	('25', '4', 'C', 'Anatomy and Physiology', NULL, NULL, NULL, NULL, NULL),
	('35', '5', 'C', 'Anatomy and Physiology', NULL, NULL, NULL, NULL, NULL),
	('25', '6', 'C', 'Anatomy and Physiology', NULL, NULL, NULL, NULL, NULL),
	('35', '7', 'C', 'Anatomy and Physiology', NULL, NULL, NULL, NULL, NULL),
	('25', '8', 'C', 'Anatomy and Physiology', NULL, NULL, NULL, NULL, NULL),
	('35', '9', 'C', 'Anatomy and Physiology', NULL, NULL, NULL, NULL, NULL),
	('25', '10', 'C', 'Anatomy and Physiology', NULL, NULL, NULL, NULL, NULL),
	('35', '11', 'C', 'Anatomy and Physiology', NULL, NULL, NULL, NULL, NULL),
	('25', '12', 'C', 'Anatomy and Physiology', NULL, NULL, NULL, NULL, NULL),
	('35', '13', 'C', 'Anatomy and Physiology', NULL, NULL, NULL, NULL, NULL),
	('15', '1', 'C', 'Astronomy', NULL, NULL, NULL, NULL, NULL),
	('15', '2', 'C', 'Astronomy', NULL, NULL, NULL, NULL, NULL),
	('15', '3', 'C', 'Astronomy', NULL, NULL, NULL, NULL, NULL),
	('15', '4', 'C', 'Astronomy', NULL, NULL, NULL, NULL, NULL),
	('15', '5', 'C', 'Astronomy', NULL, NULL, NULL, NULL, NULL),
	('15', '6', 'C', 'Astronomy', NULL, NULL, NULL, NULL, NULL),
	('15', '7', 'C', 'Astronomy', NULL, NULL, NULL, NULL, NULL),
	('15', '8', 'C', 'Astronomy', NULL, NULL, NULL, NULL, NULL),
	('15', '9', 'C', 'Astronomy', NULL, NULL, NULL, NULL, NULL),
	('15', '10', 'C', 'Astronomy', NULL, NULL, NULL, NULL, NULL),
	('15', '11', 'C', 'Astronomy', NULL, NULL, NULL, NULL, NULL),
	('15', '12', 'C', 'Astronomy', NULL, NULL, NULL, NULL, NULL),
	('15', '13', 'C', 'Astronomy', NULL, NULL, NULL, NULL, NULL),
	('35', '1', 'C', 'Astronomy', NULL, NULL, NULL, NULL, NULL),
	('25', '2', 'C', 'Astronomy', NULL, NULL, NULL, NULL, NULL),
	('35', '3', 'C', 'Astronomy', NULL, NULL, NULL, NULL, NULL),
	('25', '4', 'C', 'Astronomy', NULL, NULL, NULL, NULL, NULL),
	('35', '5', 'C', 'Astronomy', NULL, NULL, NULL, NULL, NULL),
	('25', '6', 'C', 'Astronomy', NULL, NULL, NULL, NULL, NULL),
	('35', '7', 'C', 'Astronomy', NULL, NULL, NULL, NULL, NULL),
	('25', '8', 'C', 'Astronomy', NULL, NULL, NULL, NULL, NULL),
	('35', '9', 'C', 'Astronomy', NULL, NULL, NULL, NULL, NULL),
	('25', '10', 'C', 'Astronomy', NULL, NULL, NULL, NULL, NULL),
	('35', '11', 'C', 'Astronomy', NULL, NULL, NULL, NULL, NULL),
	('25', '12', 'C', 'Astronomy', NULL, NULL, NULL, NULL, NULL),
	('35', '13', 'C', 'Astronomy', NULL, NULL, NULL, NULL, NULL),
	('15', '1', 'C', 'Boomilever', NULL, NULL, NULL, NULL, NULL),
	('15', '2', 'C', 'Boomilever', NULL, NULL, NULL, NULL, NULL),
	('15', '3', 'C', 'Boomilever', NULL, NULL, NULL, NULL, NULL),
	('15', '4', 'C', 'Boomilever', NULL, NULL, NULL, NULL, NULL),
	('15', '5', 'C', 'Boomilever', NULL, NULL, NULL, NULL, NULL),
	('15', '6', 'C', 'Boomilever', NULL, NULL, NULL, NULL, NULL),
	('15', '7', 'C', 'Boomilever', NULL, NULL, NULL, NULL, NULL),
	('15', '8', 'C', 'Boomilever', NULL, NULL, NULL, NULL, NULL),
	('15', '9', 'C', 'Boomilever', NULL, NULL, NULL, NULL, NULL),
	('15', '10', 'C', 'Boomilever', NULL, NULL, NULL, NULL, NULL),
	('15', '11', 'C', 'Boomilever', NULL, NULL, NULL, NULL, NULL),
	('15', '12', 'C', 'Boomilever', NULL, NULL, NULL, NULL, NULL),
	('15', '13', 'C', 'Boomilever', NULL, NULL, NULL, NULL, NULL),
	('35', '1', 'C', 'Boomilever', NULL, NULL, NULL, NULL, NULL),
	('25', '2', 'C', 'Boomilever', NULL, NULL, NULL, NULL, NULL),
	('35', '3', 'C', 'Boomilever', NULL, NULL, NULL, NULL, NULL),
	('25', '4', 'C', 'Boomilever', NULL, NULL, NULL, NULL, NULL),
	('35', '5', 'C', 'Boomilever', NULL, NULL, NULL, NULL, NULL),
	('25', '6', 'C', 'Boomilever', NULL, NULL, NULL, NULL, NULL),
	('35', '7', 'C', 'Boomilever', NULL, NULL, NULL, NULL, NULL),
	('25', '8', 'C', 'Boomilever', NULL, NULL, NULL, NULL, NULL),
	('35', '9', 'C', 'Boomilever', NULL, NULL, NULL, NULL, NULL),
	('25', '10', 'C', 'Boomilever', NULL, NULL, NULL, NULL, NULL),
	('35', '11', 'C', 'Boomilever', NULL, NULL, NULL, NULL, NULL),
	('25', '12', 'C', 'Boomilever', NULL, NULL, NULL, NULL, NULL),
	('35', '13', 'C', 'Boomilever', NULL, NULL, NULL, NULL, NULL),
	('15', '1', 'C', 'Chemistry Lab', NULL, NULL, NULL, NULL, NULL),
	('15', '2', 'C', 'Chemistry Lab', NULL, NULL, NULL, NULL, NULL),
	('15', '3', 'C', 'Chemistry Lab', NULL, NULL, NULL, NULL, NULL),
	('15', '4', 'C', 'Chemistry Lab', NULL, NULL, NULL, NULL, NULL),
	('15', '5', 'C', 'Chemistry Lab', NULL, NULL, NULL, NULL, NULL),
	('15', '6', 'C', 'Chemistry Lab', NULL, NULL, NULL, NULL, NULL),
	('15', '7', 'C', 'Chemistry Lab', NULL, NULL, NULL, NULL, NULL),
	('15', '8', 'C', 'Chemistry Lab', NULL, NULL, NULL, NULL, NULL),
	('15', '9', 'C', 'Chemistry Lab', NULL, NULL, NULL, NULL, NULL),
	('15', '10', 'C', 'Chemistry Lab', NULL, NULL, NULL, NULL, NULL),
	('15', '11', 'C', 'Chemistry Lab', NULL, NULL, NULL, NULL, NULL),
	('15', '12', 'C', 'Chemistry Lab', NULL, NULL, NULL, NULL, NULL),
	('15', '13', 'C', 'Chemistry Lab', NULL, NULL, NULL, NULL, NULL),
	('35', '1', 'C', 'Chemistry Lab', NULL, NULL, NULL, NULL, NULL),
	('25', '2', 'C', 'Chemistry Lab', NULL, NULL, NULL, NULL, NULL),
	('35', '3', 'C', 'Chemistry Lab', NULL, NULL, NULL, NULL, NULL),
	('25', '4', 'C', 'Chemistry Lab', NULL, NULL, NULL, NULL, NULL),
	('35', '5', 'C', 'Chemistry Lab', NULL, NULL, NULL, NULL, NULL),
	('25', '6', 'C', 'Chemistry Lab', NULL, NULL, NULL, NULL, NULL),
	('35', '7', 'C', 'Chemistry Lab', NULL, NULL, NULL, NULL, NULL),
	('25', '8', 'C', 'Chemistry Lab', NULL, NULL, NULL, NULL, NULL),
	('35', '9', 'C', 'Chemistry Lab', NULL, NULL, NULL, NULL, NULL),
	('25', '10', 'C', 'Chemistry Lab', NULL, NULL, NULL, NULL, NULL),
	('35', '11', 'C', 'Chemistry Lab', NULL, NULL, NULL, NULL, NULL),
	('25', '12', 'C', 'Chemistry Lab', NULL, NULL, NULL, NULL, NULL),
	('35', '13', 'C', 'Chemistry Lab', NULL, NULL, NULL, NULL, NULL),
	('15', '1', 'C', 'Circuit Lab', NULL, NULL, NULL, NULL, NULL),
	('15', '2', 'C', 'Circuit Lab', NULL, NULL, NULL, NULL, NULL),
	('15', '3', 'C', 'Circuit Lab', NULL, NULL, NULL, NULL, NULL),
	('15', '4', 'C', 'Circuit Lab', NULL, NULL, NULL, NULL, NULL),
	('15', '5', 'C', 'Circuit Lab', NULL, NULL, NULL, NULL, NULL),
	('15', '6', 'C', 'Circuit Lab', NULL, NULL, NULL, NULL, NULL),
	('15', '7', 'C', 'Circuit Lab', NULL, NULL, NULL, NULL, NULL),
	('15', '8', 'C', 'Circuit Lab', NULL, NULL, NULL, NULL, NULL),
	('15', '9', 'C', 'Circuit Lab', NULL, NULL, NULL, NULL, NULL),
	('15', '10', 'C', 'Circuit Lab', NULL, NULL, NULL, NULL, NULL),
	('15', '11', 'C', 'Circuit Lab', NULL, NULL, NULL, NULL, NULL),
	('15', '12', 'C', 'Circuit Lab', NULL, NULL, NULL, NULL, NULL),
	('15', '13', 'C', 'Circuit Lab', NULL, NULL, NULL, NULL, NULL),
	('35', '1', 'C', 'Circuit Lab', NULL, NULL, NULL, NULL, NULL),
	('25', '2', 'C', 'Circuit Lab', NULL, NULL, NULL, NULL, NULL),
	('35', '3', 'C', 'Circuit Lab', NULL, NULL, NULL, NULL, NULL),
	('25', '4', 'C', 'Circuit Lab', NULL, NULL, NULL, NULL, NULL),
	('35', '5', 'C', 'Circuit Lab', NULL, NULL, NULL, NULL, NULL),
	('25', '6', 'C', 'Circuit Lab', NULL, NULL, NULL, NULL, NULL),
	('35', '7', 'C', 'Circuit Lab', NULL, NULL, NULL, NULL, NULL),
	('25', '8', 'C', 'Circuit Lab', NULL, NULL, NULL, NULL, NULL),
	('35', '9', 'C', 'Circuit Lab', NULL, NULL, NULL, NULL, NULL),
	('25', '10', 'C', 'Circuit Lab', NULL, NULL, NULL, NULL, NULL),
	('35', '11', 'C', 'Circuit Lab', NULL, NULL, NULL, NULL, NULL),
	('25', '12', 'C', 'Circuit Lab', NULL, NULL, NULL, NULL, NULL),
	('35', '13', 'C', 'Circuit Lab', NULL, NULL, NULL, NULL, NULL),
	('15', '1', 'C', 'Designer Genes', NULL, NULL, NULL, NULL, NULL),
	('15', '2', 'C', 'Designer Genes', NULL, NULL, NULL, NULL, NULL),
	('15', '3', 'C', 'Designer Genes', NULL, NULL, NULL, NULL, NULL),
	('15', '4', 'C', 'Designer Genes', NULL, NULL, NULL, NULL, NULL),
	('15', '5', 'C', 'Designer Genes', NULL, NULL, NULL, NULL, NULL),
	('15', '6', 'C', 'Designer Genes', NULL, NULL, NULL, NULL, NULL),
	('15', '7', 'C', 'Designer Genes', NULL, NULL, NULL, NULL, NULL),
	('15', '8', 'C', 'Designer Genes', NULL, NULL, NULL, NULL, NULL),
	('15', '9', 'C', 'Designer Genes', NULL, NULL, NULL, NULL, NULL),
	('15', '10', 'C', 'Designer Genes', NULL, NULL, NULL, NULL, NULL),
	('15', '11', 'C', 'Designer Genes', NULL, NULL, NULL, NULL, NULL),
	('15', '12', 'C', 'Designer Genes', NULL, NULL, NULL, NULL, NULL),
	('15', '13', 'C', 'Designer Genes', NULL, NULL, NULL, NULL, NULL),
	('35', '1', 'C', 'Designer Genes', NULL, NULL, NULL, NULL, NULL),
	('25', '2', 'C', 'Designer Genes', NULL, NULL, NULL, NULL, NULL),
	('35', '3', 'C', 'Designer Genes', NULL, NULL, NULL, NULL, NULL),
	('25', '4', 'C', 'Designer Genes', NULL, NULL, NULL, NULL, NULL),
	('35', '5', 'C', 'Designer Genes', NULL, NULL, NULL, NULL, NULL),
	('25', '6', 'C', 'Designer Genes', NULL, NULL, NULL, NULL, NULL),
	('35', '7', 'C', 'Designer Genes', NULL, NULL, NULL, NULL, NULL),
	('25', '8', 'C', 'Designer Genes', NULL, NULL, NULL, NULL, NULL),
	('35', '9', 'C', 'Designer Genes', NULL, NULL, NULL, NULL, NULL),
	('25', '10', 'C', 'Designer Genes', NULL, NULL, NULL, NULL, NULL),
	('35', '11', 'C', 'Designer Genes', NULL, NULL, NULL, NULL, NULL),
	('25', '12', 'C', 'Designer Genes', NULL, NULL, NULL, NULL, NULL),
	('35', '13', 'C', 'Designer Genes', NULL, NULL, NULL, NULL, NULL),
	('15', '1', 'C', 'Disease Detectives', NULL, NULL, NULL, NULL, NULL),
	('15', '2', 'C', 'Disease Detectives', NULL, NULL, NULL, NULL, NULL),
	('15', '3', 'C', 'Disease Detectives', NULL, NULL, NULL, NULL, NULL),
	('15', '4', 'C', 'Disease Detectives', NULL, NULL, NULL, NULL, NULL),
	('15', '5', 'C', 'Disease Detectives', NULL, NULL, NULL, NULL, NULL),
	('15', '6', 'C', 'Disease Detectives', NULL, NULL, NULL, NULL, NULL),
	('15', '7', 'C', 'Disease Detectives', NULL, NULL, NULL, NULL, NULL),
	('15', '8', 'C', 'Disease Detectives', NULL, NULL, NULL, NULL, NULL),
	('15', '9', 'C', 'Disease Detectives', NULL, NULL, NULL, NULL, NULL),
	('15', '10', 'C', 'Disease Detectives', NULL, NULL, NULL, NULL, NULL),
	('15', '11', 'C', 'Disease Detectives', NULL, NULL, NULL, NULL, NULL),
	('15', '12', 'C', 'Disease Detectives', NULL, NULL, NULL, NULL, NULL),
	('15', '13', 'C', 'Disease Detectives', NULL, NULL, NULL, NULL, NULL),
	('35', '1', 'C', 'Disease Detectives', NULL, NULL, NULL, NULL, NULL),
	('25', '2', 'C', 'Disease Detectives', NULL, NULL, NULL, NULL, NULL),
	('35', '3', 'C', 'Disease Detectives', NULL, NULL, NULL, NULL, NULL),
	('25', '4', 'C', 'Disease Detectives', NULL, NULL, NULL, NULL, NULL),
	('35', '5', 'C', 'Disease Detectives', NULL, NULL, NULL, NULL, NULL),
	('25', '6', 'C', 'Disease Detectives', NULL, NULL, NULL, NULL, NULL),
	('35', '7', 'C', 'Disease Detectives', NULL, NULL, NULL, NULL, NULL),
	('25', '8', 'C', 'Disease Detectives', NULL, NULL, NULL, NULL, NULL),
	('35', '9', 'C', 'Disease Detectives', NULL, NULL, NULL, NULL, NULL),
	('25', '10', 'C', 'Disease Detectives', NULL, NULL, NULL, NULL, NULL),
	('35', '11', 'C', 'Disease Detectives', NULL, NULL, NULL, NULL, NULL),
	('25', '12', 'C', 'Disease Detectives', NULL, NULL, NULL, NULL, NULL),
	('35', '13', 'C', 'Disease Detectives', NULL, NULL, NULL, NULL, NULL),
	('15', '1', 'C', 'Dynamic Planet', NULL, NULL, NULL, NULL, NULL),
	('15', '2', 'C', 'Dynamic Planet', NULL, NULL, NULL, NULL, NULL),
	('15', '3', 'C', 'Dynamic Planet', NULL, NULL, NULL, NULL, NULL),
	('15', '4', 'C', 'Dynamic Planet', NULL, NULL, NULL, NULL, NULL),
	('15', '5', 'C', 'Dynamic Planet', NULL, NULL, NULL, NULL, NULL),
	('15', '6', 'C', 'Dynamic Planet', NULL, NULL, NULL, NULL, NULL),
	('15', '7', 'C', 'Dynamic Planet', NULL, NULL, NULL, NULL, NULL),
	('15', '8', 'C', 'Dynamic Planet', NULL, NULL, NULL, NULL, NULL),
	('15', '9', 'C', 'Dynamic Planet', NULL, NULL, NULL, NULL, NULL),
	('15', '10', 'C', 'Dynamic Planet', NULL, NULL, NULL, NULL, NULL),
	('15', '11', 'C', 'Dynamic Planet', NULL, NULL, NULL, NULL, NULL),
	('15', '12', 'C', 'Dynamic Planet', NULL, NULL, NULL, NULL, NULL),
	('15', '13', 'C', 'Dynamic Planet', NULL, NULL, NULL, NULL, NULL),
	('35', '1', 'C', 'Dynamic Planet', NULL, NULL, NULL, NULL, NULL),
	('25', '2', 'C', 'Dynamic Planet', NULL, NULL, NULL, NULL, NULL),
	('35', '3', 'C', 'Dynamic Planet', NULL, NULL, NULL, NULL, NULL),
	('25', '4', 'C', 'Dynamic Planet', NULL, NULL, NULL, NULL, NULL),
	('35', '5', 'C', 'Dynamic Planet', NULL, NULL, NULL, NULL, NULL),
	('25', '6', 'C', 'Dynamic Planet', NULL, NULL, NULL, NULL, NULL),
	('35', '7', 'C', 'Dynamic Planet', NULL, NULL, NULL, NULL, NULL),
	('25', '8', 'C', 'Dynamic Planet', NULL, NULL, NULL, NULL, NULL),
	('35', '9', 'C', 'Dynamic Planet', NULL, NULL, NULL, NULL, NULL),
	('25', '10', 'C', 'Dynamic Planet', NULL, NULL, NULL, NULL, NULL),
	('35', '11', 'C', 'Dynamic Planet', NULL, NULL, NULL, NULL, NULL),
	('25', '12', 'C', 'Dynamic Planet', NULL, NULL, NULL, NULL, NULL),
	('35', '13', 'C', 'Dynamic Planet', NULL, NULL, NULL, NULL, NULL),
	('15', '1', 'C', 'Elastic Launch Glider', NULL, NULL, NULL, NULL, NULL),
	('15', '2', 'C', 'Elastic Launch Glider', NULL, NULL, NULL, NULL, NULL),
	('15', '3', 'C', 'Elastic Launch Glider', NULL, NULL, NULL, NULL, NULL),
	('15', '4', 'C', 'Elastic Launch Glider', NULL, NULL, NULL, NULL, NULL),
	('15', '5', 'C', 'Elastic Launch Glider', NULL, NULL, NULL, NULL, NULL),
	('15', '6', 'C', 'Elastic Launch Glider', NULL, NULL, NULL, NULL, NULL),
	('15', '7', 'C', 'Elastic Launch Glider', NULL, NULL, NULL, NULL, NULL),
	('15', '8', 'C', 'Elastic Launch Glider', NULL, NULL, NULL, NULL, NULL),
	('15', '9', 'C', 'Elastic Launch Glider', NULL, NULL, NULL, NULL, NULL),
	('15', '10', 'C', 'Elastic Launch Glider', NULL, NULL, NULL, NULL, NULL),
	('15', '11', 'C', 'Elastic Launch Glider', NULL, NULL, NULL, NULL, NULL),
	('15', '12', 'C', 'Elastic Launch Glider', NULL, NULL, NULL, NULL, NULL),
	('15', '13', 'C', 'Elastic Launch Glider', NULL, NULL, NULL, NULL, NULL),
	('35', '1', 'C', 'Elastic Launch Glider', NULL, NULL, NULL, NULL, NULL),
	('25', '2', 'C', 'Elastic Launch Glider', NULL, NULL, NULL, NULL, NULL),
	('35', '3', 'C', 'Elastic Launch Glider', NULL, NULL, NULL, NULL, NULL),
	('25', '4', 'C', 'Elastic Launch Glider', NULL, NULL, NULL, NULL, NULL),
	('35', '5', 'C', 'Elastic Launch Glider', NULL, NULL, NULL, NULL, NULL),
	('25', '6', 'C', 'Elastic Launch Glider', NULL, NULL, NULL, NULL, NULL),
	('35', '7', 'C', 'Elastic Launch Glider', NULL, NULL, NULL, NULL, NULL),
	('25', '8', 'C', 'Elastic Launch Glider', NULL, NULL, NULL, NULL, NULL),
	('35', '9', 'C', 'Elastic Launch Glider', NULL, NULL, NULL, NULL, NULL),
	('25', '10', 'C', 'Elastic Launch Glider', NULL, NULL, NULL, NULL, NULL),
	('35', '11', 'C', 'Elastic Launch Glider', NULL, NULL, NULL, NULL, NULL),
	('25', '12', 'C', 'Elastic Launch Glider', NULL, NULL, NULL, NULL, NULL),
	('35', '13', 'C', 'Elastic Launch Glider', NULL, NULL, NULL, NULL, NULL),
	('15', '1', 'C', 'Experimental Design', NULL, NULL, NULL, NULL, NULL),
	('15', '2', 'C', 'Experimental Design', NULL, NULL, NULL, NULL, NULL),
	('15', '3', 'C', 'Experimental Design', NULL, NULL, NULL, NULL, NULL),
	('15', '4', 'C', 'Experimental Design', NULL, NULL, NULL, NULL, NULL),
	('15', '5', 'C', 'Experimental Design', NULL, NULL, NULL, NULL, NULL),
	('15', '6', 'C', 'Experimental Design', NULL, NULL, NULL, NULL, NULL),
	('15', '7', 'C', 'Experimental Design', NULL, NULL, NULL, NULL, NULL),
	('15', '8', 'C', 'Experimental Design', NULL, NULL, NULL, NULL, NULL),
	('15', '9', 'C', 'Experimental Design', NULL, NULL, NULL, NULL, NULL),
	('15', '10', 'C', 'Experimental Design', NULL, NULL, NULL, NULL, NULL),
	('15', '11', 'C', 'Experimental Design', NULL, NULL, NULL, NULL, NULL),
	('15', '12', 'C', 'Experimental Design', NULL, NULL, NULL, NULL, NULL),
	('15', '13', 'C', 'Experimental Design', NULL, NULL, NULL, NULL, NULL),
	('35', '1', 'C', 'Experimental Design', NULL, NULL, NULL, NULL, NULL),
	('25', '2', 'C', 'Experimental Design', NULL, NULL, NULL, NULL, NULL),
	('35', '3', 'C', 'Experimental Design', NULL, NULL, NULL, NULL, NULL),
	('25', '4', 'C', 'Experimental Design', NULL, NULL, NULL, NULL, NULL),
	('35', '5', 'C', 'Experimental Design', NULL, NULL, NULL, NULL, NULL),
	('25', '6', 'C', 'Experimental Design', NULL, NULL, NULL, NULL, NULL),
	('35', '7', 'C', 'Experimental Design', NULL, NULL, NULL, NULL, NULL),
	('25', '8', 'C', 'Experimental Design', NULL, NULL, NULL, NULL, NULL),
	('35', '9', 'C', 'Experimental Design', NULL, NULL, NULL, NULL, NULL),
	('25', '10', 'C', 'Experimental Design', NULL, NULL, NULL, NULL, NULL),
	('35', '11', 'C', 'Experimental Design', NULL, NULL, NULL, NULL, NULL),
	('25', '12', 'C', 'Experimental Design', NULL, NULL, NULL, NULL, NULL),
	('35', '13', 'C', 'Experimental Design', NULL, NULL, NULL, NULL, NULL),
	('15', '1', 'C', 'Fermi Questions', NULL, NULL, NULL, NULL, NULL),
	('15', '2', 'C', 'Fermi Questions', NULL, NULL, NULL, NULL, NULL),
	('15', '3', 'C', 'Fermi Questions', NULL, NULL, NULL, NULL, NULL),
	('15', '4', 'C', 'Fermi Questions', NULL, NULL, NULL, NULL, NULL),
	('15', '5', 'C', 'Fermi Questions', NULL, NULL, NULL, NULL, NULL),
	('15', '6', 'C', 'Fermi Questions', NULL, NULL, NULL, NULL, NULL),
	('15', '7', 'C', 'Fermi Questions', NULL, NULL, NULL, NULL, NULL),
	('15', '8', 'C', 'Fermi Questions', NULL, NULL, NULL, NULL, NULL),
	('15', '9', 'C', 'Fermi Questions', NULL, NULL, NULL, NULL, NULL),
	('15', '10', 'C', 'Fermi Questions', NULL, NULL, NULL, NULL, NULL),
	('15', '11', 'C', 'Fermi Questions', NULL, NULL, NULL, NULL, NULL),
	('15', '12', 'C', 'Fermi Questions', NULL, NULL, NULL, NULL, NULL),
	('15', '13', 'C', 'Fermi Questions', NULL, NULL, NULL, NULL, NULL),
	('35', '1', 'C', 'Fermi Questions', NULL, NULL, NULL, NULL, NULL),
	('25', '2', 'C', 'Fermi Questions', NULL, NULL, NULL, NULL, NULL),
	('35', '3', 'C', 'Fermi Questions', NULL, NULL, NULL, NULL, NULL),
	('25', '4', 'C', 'Fermi Questions', NULL, NULL, NULL, NULL, NULL),
	('35', '5', 'C', 'Fermi Questions', NULL, NULL, NULL, NULL, NULL),
	('25', '6', 'C', 'Fermi Questions', NULL, NULL, NULL, NULL, NULL),
	('35', '7', 'C', 'Fermi Questions', NULL, NULL, NULL, NULL, NULL),
	('25', '8', 'C', 'Fermi Questions', NULL, NULL, NULL, NULL, NULL),
	('35', '9', 'C', 'Fermi Questions', NULL, NULL, NULL, NULL, NULL),
	('25', '10', 'C', 'Fermi Questions', NULL, NULL, NULL, NULL, NULL),
	('35', '11', 'C', 'Fermi Questions', NULL, NULL, NULL, NULL, NULL),
	('25', '12', 'C', 'Fermi Questions', NULL, NULL, NULL, NULL, NULL),
	('35', '13', 'C', 'Fermi Questions', NULL, NULL, NULL, NULL, NULL),
	('15', '1', 'C', 'Forestry', NULL, NULL, NULL, NULL, NULL),
	('15', '2', 'C', 'Forestry', NULL, NULL, NULL, NULL, NULL),
	('15', '3', 'C', 'Forestry', NULL, NULL, NULL, NULL, NULL),
	('15', '4', 'C', 'Forestry', NULL, NULL, NULL, NULL, NULL),
	('15', '5', 'C', 'Forestry', NULL, NULL, NULL, NULL, NULL),
	('15', '6', 'C', 'Forestry', NULL, NULL, NULL, NULL, NULL),
	('15', '7', 'C', 'Forestry', NULL, NULL, NULL, NULL, NULL),
	('15', '8', 'C', 'Forestry', NULL, NULL, NULL, NULL, NULL),
	('15', '9', 'C', 'Forestry', NULL, NULL, NULL, NULL, NULL),
	('15', '10', 'C', 'Forestry', NULL, NULL, NULL, NULL, NULL),
	('15', '11', 'C', 'Forestry', NULL, NULL, NULL, NULL, NULL),
	('15', '12', 'C', 'Forestry', NULL, NULL, NULL, NULL, NULL),
	('15', '13', 'C', 'Forestry', NULL, NULL, NULL, NULL, NULL),
	('35', '1', 'C', 'Forestry', NULL, NULL, NULL, NULL, NULL),
	('25', '2', 'C', 'Forestry', NULL, NULL, NULL, NULL, NULL),
	('35', '3', 'C', 'Forestry', NULL, NULL, NULL, NULL, NULL),
	('25', '4', 'C', 'Forestry', NULL, NULL, NULL, NULL, NULL),
	('35', '5', 'C', 'Forestry', NULL, NULL, NULL, NULL, NULL),
	('25', '6', 'C', 'Forestry', NULL, NULL, NULL, NULL, NULL),
	('35', '7', 'C', 'Forestry', NULL, NULL, NULL, NULL, NULL),
	('25', '8', 'C', 'Forestry', NULL, NULL, NULL, NULL, NULL),
	('35', '9', 'C', 'Forestry', NULL, NULL, NULL, NULL, NULL),
	('25', '10', 'C', 'Forestry', NULL, NULL, NULL, NULL, NULL),
	('35', '11', 'C', 'Forestry', NULL, NULL, NULL, NULL, NULL),
	('25', '12', 'C', 'Forestry', NULL, NULL, NULL, NULL, NULL),
	('35', '13', 'C', 'Forestry', NULL, NULL, NULL, NULL, NULL),
	('15', '1', 'C', 'Gravity Vehicle', NULL, NULL, NULL, NULL, NULL),
	('15', '2', 'C', 'Gravity Vehicle', NULL, NULL, NULL, NULL, NULL),
	('15', '3', 'C', 'Gravity Vehicle', NULL, NULL, NULL, NULL, NULL),
	('15', '4', 'C', 'Gravity Vehicle', NULL, NULL, NULL, NULL, NULL),
	('15', '5', 'C', 'Gravity Vehicle', NULL, NULL, NULL, NULL, NULL),
	('15', '6', 'C', 'Gravity Vehicle', NULL, NULL, NULL, NULL, NULL),
	('15', '7', 'C', 'Gravity Vehicle', NULL, NULL, NULL, NULL, NULL),
	('15', '8', 'C', 'Gravity Vehicle', NULL, NULL, NULL, NULL, NULL),
	('15', '9', 'C', 'Gravity Vehicle', NULL, NULL, NULL, NULL, NULL),
	('15', '10', 'C', 'Gravity Vehicle', NULL, NULL, NULL, NULL, NULL),
	('15', '11', 'C', 'Gravity Vehicle', NULL, NULL, NULL, NULL, NULL),
	('15', '12', 'C', 'Gravity Vehicle', NULL, NULL, NULL, NULL, NULL),
	('15', '13', 'C', 'Gravity Vehicle', NULL, NULL, NULL, NULL, NULL),
	('35', '1', 'C', 'Gravity Vehicle', NULL, NULL, NULL, NULL, NULL),
	('25', '2', 'C', 'Gravity Vehicle', NULL, NULL, NULL, NULL, NULL),
	('35', '3', 'C', 'Gravity Vehicle', NULL, NULL, NULL, NULL, NULL),
	('25', '4', 'C', 'Gravity Vehicle', NULL, NULL, NULL, NULL, NULL),
	('35', '5', 'C', 'Gravity Vehicle', NULL, NULL, NULL, NULL, NULL),
	('25', '6', 'C', 'Gravity Vehicle', NULL, NULL, NULL, NULL, NULL),
	('35', '7', 'C', 'Gravity Vehicle', NULL, NULL, NULL, NULL, NULL),
	('25', '8', 'C', 'Gravity Vehicle', NULL, NULL, NULL, NULL, NULL),
	('35', '9', 'C', 'Gravity Vehicle', NULL, NULL, NULL, NULL, NULL),
	('25', '10', 'C', 'Gravity Vehicle', NULL, NULL, NULL, NULL, NULL),
	('35', '11', 'C', 'Gravity Vehicle', NULL, NULL, NULL, NULL, NULL),
	('25', '12', 'C', 'Gravity Vehicle', NULL, NULL, NULL, NULL, NULL),
	('35', '13', 'C', 'Gravity Vehicle', NULL, NULL, NULL, NULL, NULL),
	('15', '1', 'C', 'Materials Science', NULL, NULL, NULL, NULL, NULL),
	('15', '2', 'C', 'Materials Science', NULL, NULL, NULL, NULL, NULL),
	('15', '3', 'C', 'Materials Science', NULL, NULL, NULL, NULL, NULL),
	('15', '4', 'C', 'Materials Science', NULL, NULL, NULL, NULL, NULL),
	('15', '5', 'C', 'Materials Science', NULL, NULL, NULL, NULL, NULL),
	('15', '6', 'C', 'Materials Science', NULL, NULL, NULL, NULL, NULL),
	('15', '7', 'C', 'Materials Science', NULL, NULL, NULL, NULL, NULL),
	('15', '8', 'C', 'Materials Science', NULL, NULL, NULL, NULL, NULL),
	('15', '9', 'C', 'Materials Science', NULL, NULL, NULL, NULL, NULL),
	('15', '10', 'C', 'Materials Science', NULL, NULL, NULL, NULL, NULL),
	('15', '11', 'C', 'Materials Science', NULL, NULL, NULL, NULL, NULL),
	('15', '12', 'C', 'Materials Science', NULL, NULL, NULL, NULL, NULL),
	('15', '13', 'C', 'Materials Science', NULL, NULL, NULL, NULL, NULL),
	('35', '1', 'C', 'Materials Science', NULL, NULL, NULL, NULL, NULL),
	('25', '2', 'C', 'Materials Science', NULL, NULL, NULL, NULL, NULL),
	('35', '3', 'C', 'Materials Science', NULL, NULL, NULL, NULL, NULL),
	('25', '4', 'C', 'Materials Science', NULL, NULL, NULL, NULL, NULL),
	('35', '5', 'C', 'Materials Science', NULL, NULL, NULL, NULL, NULL),
	('25', '6', 'C', 'Materials Science', NULL, NULL, NULL, NULL, NULL),
	('35', '7', 'C', 'Materials Science', NULL, NULL, NULL, NULL, NULL),
	('25', '8', 'C', 'Materials Science', NULL, NULL, NULL, NULL, NULL),
	('35', '9', 'C', 'Materials Science', NULL, NULL, NULL, NULL, NULL),
	('25', '10', 'C', 'Materials Science', NULL, NULL, NULL, NULL, NULL),
	('35', '11', 'C', 'Materials Science', NULL, NULL, NULL, NULL, NULL),
	('25', '12', 'C', 'Materials Science', NULL, NULL, NULL, NULL, NULL),
	('35', '13', 'C', 'Materials Science', NULL, NULL, NULL, NULL, NULL),
	('15', '1', 'C', 'Rocks and Minerals', NULL, NULL, NULL, NULL, NULL),
	('15', '2', 'C', 'Rocks and Minerals', NULL, NULL, NULL, NULL, NULL),
	('15', '3', 'C', 'Rocks and Minerals', NULL, NULL, NULL, NULL, NULL),
	('15', '4', 'C', 'Rocks and Minerals', NULL, NULL, NULL, NULL, NULL),
	('15', '5', 'C', 'Rocks and Minerals', NULL, NULL, NULL, NULL, NULL),
	('15', '6', 'C', 'Rocks and Minerals', NULL, NULL, NULL, NULL, NULL),
	('15', '7', 'C', 'Rocks and Minerals', NULL, NULL, NULL, NULL, NULL),
	('15', '8', 'C', 'Rocks and Minerals', NULL, NULL, NULL, NULL, NULL),
	('15', '9', 'C', 'Rocks and Minerals', NULL, NULL, NULL, NULL, NULL),
	('15', '10', 'C', 'Rocks and Minerals', NULL, NULL, NULL, NULL, NULL),
	('15', '11', 'C', 'Rocks and Minerals', NULL, NULL, NULL, NULL, NULL),
	('15', '12', 'C', 'Rocks and Minerals', NULL, NULL, NULL, NULL, NULL),
	('15', '13', 'C', 'Rocks and Minerals', NULL, NULL, NULL, NULL, NULL),
	('35', '1', 'C', 'Rocks and Minerals', NULL, NULL, NULL, NULL, NULL),
	('25', '2', 'C', 'Rocks and Minerals', NULL, NULL, NULL, NULL, NULL),
	('35', '3', 'C', 'Rocks and Minerals', NULL, NULL, NULL, NULL, NULL),
	('25', '4', 'C', 'Rocks and Minerals', NULL, NULL, NULL, NULL, NULL),
	('35', '5', 'C', 'Rocks and Minerals', NULL, NULL, NULL, NULL, NULL),
	('25', '6', 'C', 'Rocks and Minerals', NULL, NULL, NULL, NULL, NULL),
	('35', '7', 'C', 'Rocks and Minerals', NULL, NULL, NULL, NULL, NULL),
	('25', '8', 'C', 'Rocks and Minerals', NULL, NULL, NULL, NULL, NULL),
	('35', '9', 'C', 'Rocks and Minerals', NULL, NULL, NULL, NULL, NULL),
	('25', '10', 'C', 'Rocks and Minerals', NULL, NULL, NULL, NULL, NULL),
	('35', '11', 'C', 'Rocks and Minerals', NULL, NULL, NULL, NULL, NULL),
	('25', '12', 'C', 'Rocks and Minerals', NULL, NULL, NULL, NULL, NULL),
	('35', '13', 'C', 'Rocks and Minerals', NULL, NULL, NULL, NULL, NULL),
	('15', '1', 'C', 'Roller Coaster', NULL, NULL, NULL, NULL, NULL),
	('15', '2', 'C', 'Roller Coaster', NULL, NULL, NULL, NULL, NULL),
	('15', '3', 'C', 'Roller Coaster', NULL, NULL, NULL, NULL, NULL),
	('15', '4', 'C', 'Roller Coaster', NULL, NULL, NULL, NULL, NULL),
	('15', '5', 'C', 'Roller Coaster', NULL, NULL, NULL, NULL, NULL),
	('15', '6', 'C', 'Roller Coaster', NULL, NULL, NULL, NULL, NULL),
	('15', '7', 'C', 'Roller Coaster', NULL, NULL, NULL, NULL, NULL),
	('15', '8', 'C', 'Roller Coaster', NULL, NULL, NULL, NULL, NULL),
	('15', '9', 'C', 'Roller Coaster', NULL, NULL, NULL, NULL, NULL),
	('15', '10', 'C', 'Roller Coaster', NULL, NULL, NULL, NULL, NULL),
	('15', '11', 'C', 'Roller Coaster', NULL, NULL, NULL, NULL, NULL),
	('15', '12', 'C', 'Roller Coaster', NULL, NULL, NULL, NULL, NULL),
	('15', '13', 'C', 'Roller Coaster', NULL, NULL, NULL, NULL, NULL),
	('35', '1', 'C', 'Roller Coaster', NULL, NULL, NULL, NULL, NULL),
	('25', '2', 'C', 'Roller Coaster', NULL, NULL, NULL, NULL, NULL),
	('35', '3', 'C', 'Roller Coaster', NULL, NULL, NULL, NULL, NULL),
	('25', '4', 'C', 'Roller Coaster', NULL, NULL, NULL, NULL, NULL),
	('35', '5', 'C', 'Roller Coaster', NULL, NULL, NULL, NULL, NULL),
	('25', '6', 'C', 'Roller Coaster', NULL, NULL, NULL, NULL, NULL),
	('35', '7', 'C', 'Roller Coaster', NULL, NULL, NULL, NULL, NULL),
	('25', '8', 'C', 'Roller Coaster', NULL, NULL, NULL, NULL, NULL),
	('35', '9', 'C', 'Roller Coaster', NULL, NULL, NULL, NULL, NULL),
	('25', '10', 'C', 'Roller Coaster', NULL, NULL, NULL, NULL, NULL),
	('35', '11', 'C', 'Roller Coaster', NULL, NULL, NULL, NULL, NULL),
	('25', '12', 'C', 'Roller Coaster', NULL, NULL, NULL, NULL, NULL),
	('35', '13', 'C', 'Roller Coaster', NULL, NULL, NULL, NULL, NULL),
	('15', '1', 'C', 'Technical Problem Solving', NULL, NULL, NULL, NULL, NULL),
	('15', '2', 'C', 'Technical Problem Solving', NULL, NULL, NULL, NULL, NULL),
	('15', '3', 'C', 'Technical Problem Solving', NULL, NULL, NULL, NULL, NULL),
	('15', '4', 'C', 'Technical Problem Solving', NULL, NULL, NULL, NULL, NULL),
	('15', '5', 'C', 'Technical Problem Solving', NULL, NULL, NULL, NULL, NULL),
	('15', '6', 'C', 'Technical Problem Solving', NULL, NULL, NULL, NULL, NULL),
	('15', '7', 'C', 'Technical Problem Solving', NULL, NULL, NULL, NULL, NULL),
	('15', '8', 'C', 'Technical Problem Solving', NULL, NULL, NULL, NULL, NULL),
	('15', '9', 'C', 'Technical Problem Solving', NULL, NULL, NULL, NULL, NULL),
	('15', '10', 'C', 'Technical Problem Solving', NULL, NULL, NULL, NULL, NULL),
	('15', '11', 'C', 'Technical Problem Solving', NULL, NULL, NULL, NULL, NULL),
	('15', '12', 'C', 'Technical Problem Solving', NULL, NULL, NULL, NULL, NULL),
	('15', '13', 'C', 'Technical Problem Solving', NULL, NULL, NULL, NULL, NULL),
	('35', '1', 'C', 'Technical Problem Solving', NULL, NULL, NULL, NULL, NULL),
	('25', '2', 'C', 'Technical Problem Solving', NULL, NULL, NULL, NULL, NULL),
	('35', '3', 'C', 'Technical Problem Solving', NULL, NULL, NULL, NULL, NULL),
	('25', '4', 'C', 'Technical Problem Solving', NULL, NULL, NULL, NULL, NULL),
	('35', '5', 'C', 'Technical Problem Solving', NULL, NULL, NULL, NULL, NULL),
	('25', '6', 'C', 'Technical Problem Solving', NULL, NULL, NULL, NULL, NULL),
	('35', '7', 'C', 'Technical Problem Solving', NULL, NULL, NULL, NULL, NULL),
	('25', '8', 'C', 'Technical Problem Solving', NULL, NULL, NULL, NULL, NULL),
	('35', '9', 'C', 'Technical Problem Solving', NULL, NULL, NULL, NULL, NULL),
	('25', '10', 'C', 'Technical Problem Solving', NULL, NULL, NULL, NULL, NULL),
	('35', '11', 'C', 'Technical Problem Solving', NULL, NULL, NULL, NULL, NULL),
	('25', '12', 'C', 'Technical Problem Solving', NULL, NULL, NULL, NULL, NULL),
	('35', '13', 'C', 'Technical Problem Solving', NULL, NULL, NULL, NULL, NULL),
	('15', '1', 'C', 'Thermodynamics', NULL, NULL, NULL, NULL, NULL),
	('15', '2', 'C', 'Thermodynamics', NULL, NULL, NULL, NULL, NULL),
	('15', '3', 'C', 'Thermodynamics', NULL, NULL, NULL, NULL, NULL),
	('15', '4', 'C', 'Thermodynamics', NULL, NULL, NULL, NULL, NULL),
	('15', '5', 'C', 'Thermodynamics', NULL, NULL, NULL, NULL, NULL),
	('15', '6', 'C', 'Thermodynamics', NULL, NULL, NULL, NULL, NULL),
	('15', '7', 'C', 'Thermodynamics', NULL, NULL, NULL, NULL, NULL),
	('15', '8', 'C', 'Thermodynamics', NULL, NULL, NULL, NULL, NULL),
	('15', '9', 'C', 'Thermodynamics', NULL, NULL, NULL, NULL, NULL),
	('15', '10', 'C', 'Thermodynamics', NULL, NULL, NULL, NULL, NULL),
	('15', '11', 'C', 'Thermodynamics', NULL, NULL, NULL, NULL, NULL),
	('15', '12', 'C', 'Thermodynamics', NULL, NULL, NULL, NULL, NULL),
	('15', '13', 'C', 'Thermodynamics', NULL, NULL, NULL, NULL, NULL),
	('35', '1', 'C', 'Thermodynamics', NULL, NULL, NULL, NULL, NULL),
	('25', '2', 'C', 'Thermodynamics', NULL, NULL, NULL, NULL, NULL),
	('35', '3', 'C', 'Thermodynamics', NULL, NULL, NULL, NULL, NULL),
	('25', '4', 'C', 'Thermodynamics', NULL, NULL, NULL, NULL, NULL),
	('35', '5', 'C', 'Thermodynamics', NULL, NULL, NULL, NULL, NULL),
	('25', '6', 'C', 'Thermodynamics', NULL, NULL, NULL, NULL, NULL),
	('35', '7', 'C', 'Thermodynamics', NULL, NULL, NULL, NULL, NULL),
	('25', '8', 'C', 'Thermodynamics', NULL, NULL, NULL, NULL, NULL),
	('35', '9', 'C', 'Thermodynamics', NULL, NULL, NULL, NULL, NULL),
	('25', '10', 'C', 'Thermodynamics', NULL, NULL, NULL, NULL, NULL),
	('35', '11', 'C', 'Thermodynamics', NULL, NULL, NULL, NULL, NULL),
	('25', '12', 'C', 'Thermodynamics', NULL, NULL, NULL, NULL, NULL),
	('35', '13', 'C', 'Thermodynamics', NULL, NULL, NULL, NULL, NULL),
	('15', '1', 'C', 'Water Quality', NULL, NULL, NULL, NULL, NULL),
	('15', '2', 'C', 'Water Quality', NULL, NULL, NULL, NULL, NULL),
	('15', '3', 'C', 'Water Quality', NULL, NULL, NULL, NULL, NULL),
	('15', '4', 'C', 'Water Quality', NULL, NULL, NULL, NULL, NULL),
	('15', '5', 'C', 'Water Quality', NULL, NULL, NULL, NULL, NULL),
	('15', '6', 'C', 'Water Quality', NULL, NULL, NULL, NULL, NULL),
	('15', '7', 'C', 'Water Quality', NULL, NULL, NULL, NULL, NULL),
	('15', '8', 'C', 'Water Quality', NULL, NULL, NULL, NULL, NULL),
	('15', '9', 'C', 'Water Quality', NULL, NULL, NULL, NULL, NULL),
	('15', '10', 'C', 'Water Quality', NULL, NULL, NULL, NULL, NULL),
	('15', '11', 'C', 'Water Quality', NULL, NULL, NULL, NULL, NULL),
	('15', '12', 'C', 'Water Quality', NULL, NULL, NULL, NULL, NULL),
	('15', '13', 'C', 'Water Quality', NULL, NULL, NULL, NULL, NULL),
	('35', '1', 'C', 'Water Quality', NULL, NULL, NULL, NULL, NULL),
	('25', '2', 'C', 'Water Quality', NULL, NULL, NULL, NULL, NULL),
	('35', '3', 'C', 'Water Quality', NULL, NULL, NULL, NULL, NULL),
	('25', '4', 'C', 'Water Quality', NULL, NULL, NULL, NULL, NULL),
	('35', '5', 'C', 'Water Quality', NULL, NULL, NULL, NULL, NULL),
	('25', '6', 'C', 'Water Quality', NULL, NULL, NULL, NULL, NULL),
	('35', '7', 'C', 'Water Quality', NULL, NULL, NULL, NULL, NULL),
	('25', '8', 'C', 'Water Quality', NULL, NULL, NULL, NULL, NULL),
	('35', '9', 'C', 'Water Quality', NULL, NULL, NULL, NULL, NULL),
	('25', '10', 'C', 'Water Quality', NULL, NULL, NULL, NULL, NULL),
	('35', '11', 'C', 'Water Quality', NULL, NULL, NULL, NULL, NULL),
	('25', '12', 'C', 'Water Quality', NULL, NULL, NULL, NULL, NULL),
	('35', '13', 'C', 'Water Quality', NULL, NULL, NULL, NULL, NULL),
	('15', '1', 'C', 'Write It Do It', NULL, NULL, NULL, NULL, NULL),
	('15', '2', 'C', 'Write It Do It', NULL, NULL, NULL, NULL, NULL),
	('15', '3', 'C', 'Write It Do It', NULL, NULL, NULL, NULL, NULL),
	('15', '4', 'C', 'Write It Do It', NULL, NULL, NULL, NULL, NULL),
	('15', '5', 'C', 'Write It Do It', NULL, NULL, NULL, NULL, NULL),
	('15', '6', 'C', 'Write It Do It', NULL, NULL, NULL, NULL, NULL),
	('15', '7', 'C', 'Write It Do It', NULL, NULL, NULL, NULL, NULL),
	('15', '8', 'C', 'Write It Do It', NULL, NULL, NULL, NULL, NULL),
	('15', '9', 'C', 'Write It Do It', NULL, NULL, NULL, NULL, NULL),
	('15', '10', 'C', 'Write It Do It', NULL, NULL, NULL, NULL, NULL),
	('15', '11', 'C', 'Write It Do It', NULL, NULL, NULL, NULL, NULL),
	('15', '12', 'C', 'Write It Do It', NULL, NULL, NULL, NULL, NULL),
	('15', '13', 'C', 'Write It Do It', NULL, NULL, NULL, NULL, NULL),
	('35', '1', 'C', 'Write It Do It', NULL, NULL, NULL, NULL, NULL),
	('25', '2', 'C', 'Write It Do It', NULL, NULL, NULL, NULL, NULL),
	('35', '3', 'C', 'Write It Do It', NULL, NULL, NULL, NULL, NULL),
	('25', '4', 'C', 'Write It Do It', NULL, NULL, NULL, NULL, NULL),
	('35', '5', 'C', 'Write It Do It', NULL, NULL, NULL, NULL, NULL),
	('25', '6', 'C', 'Write It Do It', NULL, NULL, NULL, NULL, NULL),
	('35', '7', 'C', 'Write It Do It', NULL, NULL, NULL, NULL, NULL),
	('25', '8', 'C', 'Write It Do It', NULL, NULL, NULL, NULL, NULL),
	('35', '9', 'C', 'Write It Do It', NULL, NULL, NULL, NULL, NULL),
	('25', '10', 'C', 'Write It Do It', NULL, NULL, NULL, NULL, NULL),
	('35', '11', 'C', 'Write It Do It', NULL, NULL, NULL, NULL, NULL),
	('25', '12', 'C', 'Write It Do It', NULL, NULL, NULL, NULL, NULL),
	('35', '13', 'C', 'Write It Do It', NULL, NULL, NULL, NULL, NULL);